radius;section;value
4.0;CR02;0.8766935641220363
5.0;CR02;0.8587284940621512
6.0;CR02;0.8335566194863947
7.0;CR02;0.8040064221172464
8.0;CR02;0.7720832438158471
9.0;CR02;0.7394685996748528
10.0;CR02;0.7072001680879041
11.0;CR02;0.6755063307878733
12.0;CR02;0.6451337518115074
13.0;CR02;0.6177457200752792
14.0;CR02;0.5914531820235546
15.0;CR02;0.5700664600424026
16.0;CR02;0.5509490124963967
17.0;CR02;0.5347317268722133
18.0;CR02;0.5222964206453685
19.0;CR02;0.5143972618879367
20.0;CR02;0.5072417114186949
21.0;CR02;0.5031712221297729
22.0;CR02;0.5017854869539836
23.0;CR02;0.5002883708792488
24.0;CR02;0.4994113854770751
25.0;CR02;0.5001958576822865
26.0;CR02;0.5021455305015115
27.0;CR02;0.5021229093479858
28.0;CR02;0.5027700165294567
29.0;CR02;0.5046810251550112
30.0;CR02;0.5062933281334591
31.0;CR02;0.5059256218660072
32.0;CR02;0.5069659378819803
33.0;CR02;0.5053192903707875
34.0;CR02;0.497661736820814
35.0;CR02;0.4848473763794149
36.0;CR02;0.467006170847269
37.0;CR02;0.4431113801846872
38.0;CR02;0.4139437436334558
39.0;CR02;0.3786240131664384
40.0;CR02;0.3379942779235165
41.0;CR02;0.292472510755689
42.0;CR02;0.2400632628669188
43.0;CR02;
44.0;CR02;
45.0;CR02;
46.0;CR02;
47.0;CR02;
48.0;CR02;
49.0;CR02;
50.0;CR02;
51.0;CR02;
52.0;CR02;
53.0;CR02;
54.0;CR02;
55.0;CR02;
56.0;CR02;
57.0;CR02;
58.0;CR02;
59.0;CR02;
60.0;CR02;
61.0;CR02;
62.0;CR02;
63.0;CR02;
64.0;CR02;
65.0;CR02;
66.0;CR02;
67.0;CR02;
68.0;CR02;
69.0;CR02;
70.0;CR02;
71.0;CR02;
72.0;CR02;
73.0;CR02;
74.0;CR02;
75.0;CR02;
76.0;CR02;
77.0;CR02;
4.0;CR03;0.934949413247602
5.0;CR03;0.8999650260531958
6.0;CR03;0.8658994376089099
7.0;CR03;0.8282164587187418
8.0;CR03;0.7869117292369883
9.0;CR03;0.7474012747206794
10.0;CR03;0.7080410170108363
11.0;CR03;0.6715635799627314
12.0;CR03;0.6377056254260408
13.0;CR03;0.6067999018352798
14.0;CR03;0.5788544915070535
15.0;CR03;0.5560048968874945
16.0;CR03;0.5368692107166989
17.0;CR03;0.5214574886594678
18.0;CR03;0.509771103518495
19.0;CR03;0.5016704022747955
20.0;CR03;0.4964117707904159
21.0;CR03;0.4942271986767163
22.0;CR03;0.4920308360122739
23.0;CR03;0.4919477620568379
24.0;CR03;0.4919851124523119
25.0;CR03;0.4924173181216498
26.0;CR03;0.49326093559826
27.0;CR03;0.494735835876583
28.0;CR03;0.4961887604607461
29.0;CR03;0.49749567948423
30.0;CR03;0.4981563989296733
31.0;CR03;0.4993097315149927
32.0;CR03;0.5006008686216128
33.0;CR03;0.4977225087547998
34.0;CR03;0.4896150676502788
35.0;CR03;0.4756598093813225
36.0;CR03;0.4559527495555059
37.0;CR03;0.4315253440460517
38.0;CR03;0.4009317296416291
39.0;CR03;0.3639883111246496
40.0;CR03;0.3224433423823227
41.0;CR03;0.275028147292186
42.0;CR03;0.221020581168872
43.0;CR03;
44.0;CR03;
45.0;CR03;
46.0;CR03;
47.0;CR03;
48.0;CR03;
49.0;CR03;
50.0;CR03;
51.0;CR03;
52.0;CR03;
53.0;CR03;
54.0;CR03;
55.0;CR03;
56.0;CR03;
57.0;CR03;
58.0;CR03;
59.0;CR03;
60.0;CR03;
61.0;CR03;
62.0;CR03;
63.0;CR03;
64.0;CR03;
65.0;CR03;
66.0;CR03;
67.0;CR03;
68.0;CR03;
69.0;CR03;
70.0;CR03;
71.0;CR03;
72.0;CR03;
73.0;CR03;
74.0;CR03;
75.0;CR03;
76.0;CR03;
77.0;CR03;
4.0;CR05;1.074924942872444
5.0;CR05;1.0252043822297476
6.0;CR05;0.9776977917346612
7.0;CR05;0.925432726385512
8.0;CR05;0.871818186344209
9.0;CR05;0.8194931125402098
10.0;CR05;0.7701113234595557
11.0;CR05;0.7228379561146204
12.0;CR05;0.6803256355403138
13.0;CR05;0.6416470777940465
14.0;CR05;0.6080030668817527
15.0;CR05;0.5801455553693022
16.0;CR05;0.5572397791289452
17.0;CR05;0.5383089716040108
18.0;CR05;0.522659148359588
19.0;CR05;0.5130296534715602
20.0;CR05;0.5058478553066084
21.0;CR05;0.5019559553928442
22.0;CR05;0.4995417313159352
23.0;CR05;0.4964793734357122
24.0;CR05;0.4955765722526138
25.0;CR05;0.4946522736625069
26.0;CR05;0.4959088949701282
27.0;CR05;0.4969301305004965
28.0;CR05;0.4978357713532742
29.0;CR05;0.4992020972130127
30.0;CR05;0.5009007881630428
31.0;CR05;0.5025380978957207
32.0;CR05;0.5029838574685521
33.0;CR05;0.5000762253814243
34.0;CR05;0.4901381817125099
35.0;CR05;0.4752141105839411
36.0;CR05;0.4547189378347741
37.0;CR05;0.4283394108755312
38.0;CR05;0.3968144953020381
39.0;CR05;0.359629988624436
40.0;CR05;0.3158281345430035
41.0;CR05;0.2662863031190428
42.0;CR05;0.2121425189075579
43.0;CR05;
44.0;CR05;
45.0;CR05;
46.0;CR05;
47.0;CR05;
48.0;CR05;
49.0;CR05;
50.0;CR05;
51.0;CR05;
52.0;CR05;
53.0;CR05;
54.0;CR05;
55.0;CR05;
56.0;CR05;
57.0;CR05;
58.0;CR05;
59.0;CR05;
60.0;CR05;
61.0;CR05;
62.0;CR05;
63.0;CR05;
64.0;CR05;
65.0;CR05;
66.0;CR05;
67.0;CR05;
68.0;CR05;
69.0;CR05;
70.0;CR05;
71.0;CR05;
72.0;CR05;
73.0;CR05;
74.0;CR05;
75.0;CR05;
76.0;CR05;
77.0;CR05;
4.0;CR07;1.138306400707744
5.0;CR07;1.0698998856473436
6.0;CR07;1.0148280136558654
7.0;CR07;0.9534918357012284
8.0;CR07;0.8932827533850113
9.0;CR07;0.8347865826791575
10.0;CR07;0.7796435352522665
11.0;CR07;0.7278648645628889
12.0;CR07;0.6818002755807369
13.0;CR07;0.6406580786933564
14.0;CR07;0.6060312306021791
15.0;CR07;0.5776715590946415
16.0;CR07;0.5544406342814548
17.0;CR07;0.5364049228818193
18.0;CR07;0.5226028801053796
19.0;CR07;0.5136245398204018
20.0;CR07;0.5082385979191333
21.0;CR07;0.5046077148555208
22.0;CR07;0.5022115671353792
23.0;CR07;0.5008930830189745
24.0;CR07;0.4988804558428692
25.0;CR07;0.4986405571722715
26.0;CR07;0.4989561220210144
27.0;CR07;0.4986630998593241
28.0;CR07;0.4991620930456107
29.0;CR07;0.5002569066489432
30.0;CR07;0.5011256275318325
31.0;CR07;0.5016696008121866
32.0;CR07;0.5019462910999876
33.0;CR07;0.499948892052703
34.0;CR07;0.4911730782093084
35.0;CR07;0.4764951192467266
36.0;CR07;0.4571265093641868
37.0;CR07;0.4308236678034503
38.0;CR07;0.3988963959242644
39.0;CR07;0.3623610746416406
40.0;CR07;0.3200038437674826
41.0;CR07;0.2711999735650465
42.0;CR07;0.2173427406907768
43.0;CR07;
44.0;CR07;
45.0;CR07;
46.0;CR07;
47.0;CR07;
48.0;CR07;
49.0;CR07;
50.0;CR07;
51.0;CR07;
52.0;CR07;
53.0;CR07;
54.0;CR07;
55.0;CR07;
56.0;CR07;
57.0;CR07;
58.0;CR07;
59.0;CR07;
60.0;CR07;
61.0;CR07;
62.0;CR07;
63.0;CR07;
64.0;CR07;
65.0;CR07;
66.0;CR07;
67.0;CR07;
68.0;CR07;
69.0;CR07;
70.0;CR07;
71.0;CR07;
72.0;CR07;
73.0;CR07;
74.0;CR07;
75.0;CR07;
76.0;CR07;
77.0;CR07;
4.0;CR08;1.2067021568810272
5.0;CR08;1.1285379915238571
6.0;CR08;1.062727020580121
7.0;CR08;0.9938909220727866
8.0;CR08;0.9278949904139492
9.0;CR08;0.8626423221582913
10.0;CR08;0.8027462245092338
11.0;CR08;0.7459414387385856
12.0;CR08;0.6953714273843452
13.0;CR08;0.6498068051296503
14.0;CR08;0.6125615420314443
15.0;CR08;0.5813426835722442
16.0;CR08;0.5563816585536238
17.0;CR08;0.5366064620796382
18.0;CR08;0.5219794911041418
19.0;CR08;0.5127267675862376
20.0;CR08;0.5069681988143303
21.0;CR08;0.5031039371189532
22.0;CR08;0.5010425767212068
23.0;CR08;0.4997666536853365
24.0;CR08;0.4987986048645964
25.0;CR08;0.4970617931850017
26.0;CR08;0.4960213076380391
27.0;CR08;0.4963973118575029
28.0;CR08;0.4965077020882912
29.0;CR08;0.4958298445173391
30.0;CR08;0.4965827762146608
31.0;CR08;0.4977517620956747
32.0;CR08;0.4981537325496303
33.0;CR08;0.496963375813537
34.0;CR08;0.4909699997105464
35.0;CR08;0.4789805820358501
36.0;CR08;0.4611704465428038
37.0;CR08;0.4375528473192117
38.0;CR08;0.4086458762133783
39.0;CR08;0.3732522076117578
40.0;CR08;0.3329989898738502
41.0;CR08;0.2883779944753721
42.0;CR08;0.2364835062037941
43.0;CR08;
44.0;CR08;
45.0;CR08;
46.0;CR08;
47.0;CR08;
48.0;CR08;
49.0;CR08;
50.0;CR08;
51.0;CR08;
52.0;CR08;
53.0;CR08;
54.0;CR08;
55.0;CR08;
56.0;CR08;
57.0;CR08;
58.0;CR08;
59.0;CR08;
60.0;CR08;
61.0;CR08;
62.0;CR08;
63.0;CR08;
64.0;CR08;
65.0;CR08;
66.0;CR08;
67.0;CR08;
68.0;CR08;
69.0;CR08;
70.0;CR08;
71.0;CR08;
72.0;CR08;
73.0;CR08;
74.0;CR08;
75.0;CR08;
76.0;CR08;
77.0;CR08;
4.0;CR10;1.2597938594742044
5.0;CR10;1.1905763686121138
6.0;CR10;1.1193682981100894
7.0;CR10;1.0467693904252928
8.0;CR10;0.9756871446579491
9.0;CR10;0.906705869742938
10.0;CR10;0.841291647450506
11.0;CR10;0.7805152421843967
12.0;CR10;0.7259084122703039
13.0;CR10;0.6775640642168106
14.0;CR10;0.6356545623857867
15.0;CR10;0.6001895934113407
16.0;CR10;0.5712843651641443
17.0;CR10;0.5484261231052027
18.0;CR10;0.5309612060188729
19.0;CR10;0.5183917933567334
20.0;CR10;0.509910892268797
21.0;CR10;0.5050112404704362
22.0;CR10;0.5023982478371136
23.0;CR10;0.5002820082561709
24.0;CR10;0.4987802344723346
25.0;CR10;0.4968399903205592
26.0;CR10;0.4966814210218063
27.0;CR10;0.4966770926284262
28.0;CR10;0.4964850879998096
29.0;CR10;0.4962495958004606
30.0;CR10;0.4965139460229901
31.0;CR10;0.4969619398059692
32.0;CR10;0.4978692566756827
33.0;CR10;0.4989226442363743
34.0;CR10;0.495740434948263
35.0;CR10;0.487182037238688
36.0;CR10;0.4733472034267738
37.0;CR10;0.4532227595212625
38.0;CR10;0.4277849677340566
39.0;CR10;0.3977221147306705
40.0;CR10;0.3615371803039215
41.0;CR10;0.3189794179176592
42.0;CR10;0.27177556236378
43.0;CR10;0.2190294523412374
44.0;CR10;
45.0;CR10;
46.0;CR10;
47.0;CR10;
48.0;CR10;
49.0;CR10;
50.0;CR10;
51.0;CR10;
52.0;CR10;
53.0;CR10;
54.0;CR10;
55.0;CR10;
56.0;CR10;
57.0;CR10;
58.0;CR10;
59.0;CR10;
60.0;CR10;
61.0;CR10;
62.0;CR10;
63.0;CR10;
64.0;CR10;
65.0;CR10;
66.0;CR10;
67.0;CR10;
68.0;CR10;
69.0;CR10;
70.0;CR10;
71.0;CR10;
72.0;CR10;
73.0;CR10;
74.0;CR10;
75.0;CR10;
76.0;CR10;
77.0;CR10;
4.0;CR16;1.388050132618106
5.0;CR16;1.3118969165862484
6.0;CR16;1.2353533017393272
7.0;CR16;1.1594832347065018
8.0;CR16;1.0834904862878925
9.0;CR16;1.0101043756410295
10.0;CR16;0.940895034765046
11.0;CR16;0.8744567192313512
12.0;CR16;0.8121651733696508
13.0;CR16;0.7573023665227062
14.0;CR16;0.7068851925731834
15.0;CR16;0.6634464349520294
16.0;CR16;0.6258914071396628
17.0;CR16;0.594042355154614
18.0;CR16;0.5676343900165881
19.0;CR16;0.546110132385845
20.0;CR16;0.5300547668634491
21.0;CR16;0.5179241574641508
22.0;CR16;0.5097349347774248
23.0;CR16;0.5051347288336726
24.0;CR16;0.5028722257966984
25.0;CR16;0.5013188586740749
26.0;CR16;0.4996654081276701
27.0;CR16;0.4991918664156258
28.0;CR16;0.4983961827477118
29.0;CR16;0.4987958504431634
30.0;CR16;0.4988406537943439
31.0;CR16;0.4981556116739878
32.0;CR16;0.4990849295427718
33.0;CR16;0.4994122762085403
34.0;CR16;0.5000867462882536
35.0;CR16;0.499940215663968
36.0;CR16;0.4951119429364079
37.0;CR16;0.4853754900203283
38.0;CR16;0.4687365940244548
39.0;CR16;0.4476747032158142
40.0;CR16;0.4208238051696043
41.0;CR16;0.3880649560134878
42.0;CR16;0.3495298548627318
43.0;CR16;0.3051753956045476
44.0;CR16;0.2558073762304355
45.0;CR16;
46.0;CR16;
47.0;CR16;
48.0;CR16;
49.0;CR16;
50.0;CR16;
51.0;CR16;
52.0;CR16;
53.0;CR16;
54.0;CR16;
55.0;CR16;
56.0;CR16;
57.0;CR16;
58.0;CR16;
59.0;CR16;
60.0;CR16;
61.0;CR16;
62.0;CR16;
63.0;CR16;
64.0;CR16;
65.0;CR16;
66.0;CR16;
67.0;CR16;
68.0;CR16;
69.0;CR16;
70.0;CR16;
71.0;CR16;
72.0;CR16;
73.0;CR16;
74.0;CR16;
75.0;CR16;
76.0;CR16;
77.0;CR16;
4.0;CR21;1.483056507687636
5.0;CR21;1.4090616884466265
6.0;CR21;1.3329360595500204
7.0;CR21;1.2589680340984415
8.0;CR21;1.1854659231571647
9.0;CR21;1.1124846264906336
10.0;CR21;1.042246943163185
11.0;CR21;0.9746847221563296
12.0;CR21;0.9108644242491724
13.0;CR21;0.8522903936559713
14.0;CR21;0.7973354155820883
15.0;CR21;0.7484027173928457
16.0;CR21;0.7036302960747344
17.0;CR21;0.6639843453209279
18.0;CR21;0.6286292346838911
19.0;CR21;0.5985948292174802
20.0;CR21;0.5728670687516186
21.0;CR21;0.5516698288482621
22.0;CR21;0.5345415317834915
23.0;CR21;0.5217321510638009
24.0;CR21;0.5122736146905912
25.0;CR21;0.5052971673511886
26.0;CR21;0.5016008590198836
27.0;CR21;0.4994973224226725
28.0;CR21;0.4983951291810474
29.0;CR21;0.4987696290708066
30.0;CR21;0.4985012630303556
31.0;CR21;0.4987339941573747
32.0;CR21;0.4997645075117113
33.0;CR21;0.4994514087771644
34.0;CR21;0.499271351011552
35.0;CR21;0.5001204880322048
36.0;CR21;0.4996185044781278
37.0;CR21;0.4988775485826057
38.0;CR21;0.4949283847486508
39.0;CR21;0.4827895157875067
40.0;CR21;0.4657164242787299
41.0;CR21;0.4446082589960591
42.0;CR21;0.4169731633515808
43.0;CR21;0.3829234127072836
44.0;CR21;0.3425438235845817
45.0;CR21;0.2985966613166828
46.0;CR21;0.2478963417511017
47.0;CR21;
48.0;CR21;
49.0;CR21;
50.0;CR21;
51.0;CR21;
52.0;CR21;
53.0;CR21;
54.0;CR21;
55.0;CR21;
56.0;CR21;
57.0;CR21;
58.0;CR21;
59.0;CR21;
60.0;CR21;
61.0;CR21;
62.0;CR21;
63.0;CR21;
64.0;CR21;
65.0;CR21;
66.0;CR21;
67.0;CR21;
68.0;CR21;
69.0;CR21;
70.0;CR21;
71.0;CR21;
72.0;CR21;
73.0;CR21;
74.0;CR21;
75.0;CR21;
76.0;CR21;
77.0;CR21;
4.0;CR26;1.576944797390381
5.0;CR26;1.5042822040490444
6.0;CR26;1.4308075691849442
7.0;CR26;1.3598338704376105
8.0;CR26;1.289114194201022
9.0;CR26;1.2185784066959051
10.0;CR26;1.1504026552921869
11.0;CR26;1.0846382822407554
12.0;CR26;1.021621316321433
13.0;CR26;0.961147506884762
14.0;CR26;0.9067022966224124
15.0;CR26;0.8537145682687746
16.0;CR26;0.8048799671872401
17.0;CR26;0.7595433786302357
18.0;CR26;0.7180934235477939
19.0;CR26;0.6807805683899475
20.0;CR26;0.64734899657081
21.0;CR26;0.6181102389574582
22.0;CR26;0.59195446417195
23.0;CR26;0.5703354278072755
24.0;CR26;0.5519619512903218
25.0;CR26;0.5369694212211408
26.0;CR26;0.5248431253759287
27.0;CR26;0.5150979140568889
28.0;CR26;0.5087750845907159
29.0;CR26;0.5038236805201076
30.0;CR26;0.5009090308399143
31.0;CR26;0.5003058078373794
32.0;CR26;0.5003342161598323
33.0;CR26;0.5001561247208586
34.0;CR26;0.4999284173152906
35.0;CR26;0.5002320612747897
36.0;CR26;0.5003877402024737
37.0;CR26;0.5006949925012182
38.0;CR26;0.5010518849351734
39.0;CR26;0.5012109524173806
40.0;CR26;0.5000776707210622
41.0;CR26;0.4942335489411519
42.0;CR26;0.4815711174741681
43.0;CR26;0.4640061468397085
44.0;CR26;0.4407071860572524
45.0;CR26;0.4118410302309483
46.0;CR26;0.377233185084197
47.0;CR26;0.3365069781747396
48.0;CR26;0.2913634795142989
49.0;CR26;0.2392493244830009
50.0;CR26;
51.0;CR26;
52.0;CR26;
53.0;CR26;
54.0;CR26;
55.0;CR26;
56.0;CR26;
57.0;CR26;
58.0;CR26;
59.0;CR26;
60.0;CR26;
61.0;CR26;
62.0;CR26;
63.0;CR26;
64.0;CR26;
65.0;CR26;
66.0;CR26;
67.0;CR26;
68.0;CR26;
69.0;CR26;
70.0;CR26;
71.0;CR26;
72.0;CR26;
73.0;CR26;
74.0;CR26;
75.0;CR26;
76.0;CR26;
77.0;CR26;
4.0;CR30;1.640671084420377
5.0;CR30;1.57527271521136
6.0;CR30;1.5091976589879728
7.0;CR30;1.443487872012168
8.0;CR30;1.3776933708305572
9.0;CR30;1.314083389310917
10.0;CR30;1.2502310343002956
11.0;CR30;1.1879228752609938
12.0;CR30;1.1272696335473702
13.0;CR30;1.069703757713475
14.0;CR30;1.0129529165636728
15.0;CR30;0.960213248836486
16.0;CR30;0.910420515541956
17.0;CR30;0.863943029676394
18.0;CR30;0.8192327431403679
19.0;CR30;0.7782493192414754
20.0;CR30;0.7406377696243017
21.0;CR30;0.7053113856644836
22.0;CR30;0.6736865653044037
23.0;CR30;0.6443765671000242
24.0;CR30;0.6184941594019915
25.0;CR30;0.5961311996364526
26.0;CR30;0.5758168335035239
27.0;CR30;0.5587217130867849
28.0;CR30;0.5453228038841362
29.0;CR30;0.5324107527541461
30.0;CR30;0.5233789133245743
31.0;CR30;0.5153167333089739
32.0;CR30;0.5096371228987533
33.0;CR30;0.5057940154890781
34.0;CR30;0.5028917155397329
35.0;CR30;0.5023692622972387
36.0;CR30;0.5004184812294125
37.0;CR30;0.5003593026262988
38.0;CR30;0.5017337274582753
39.0;CR30;0.5008033858567985
40.0;CR30;0.5005618101675751
41.0;CR30;0.5000298269366942
42.0;CR30;0.5009237522661267
43.0;CR30;0.5002695960146536
44.0;CR30;0.4973513890945676
45.0;CR30;0.4883748261411206
46.0;CR30;0.4736577872859566
47.0;CR30;0.4533226532625288
48.0;CR30;0.4270836032674971
49.0;CR30;0.3950456687634008
50.0;CR30;0.3582547023947041
51.0;CR30;0.3146569615465299
52.0;CR30;0.2660316860140366
53.0;CR30;0.2116048753415303
54.0;CR30;
55.0;CR30;
56.0;CR30;
57.0;CR30;
58.0;CR30;
59.0;CR30;
60.0;CR30;
61.0;CR30;
62.0;CR30;
63.0;CR30;
64.0;CR30;
65.0;CR30;
66.0;CR30;
67.0;CR30;
68.0;CR30;
69.0;CR30;
70.0;CR30;
71.0;CR30;
72.0;CR30;
73.0;CR30;
74.0;CR30;
75.0;CR30;
76.0;CR30;
77.0;CR30;
4.0;CR35;1.6767240213478276
5.0;CR35;1.614956773760085
6.0;CR35;1.5541456083483929
7.0;CR35;1.4918172416264284
8.0;CR35;1.430677747305948
9.0;CR35;1.3705294454307873
10.0;CR35;1.3117071705707497
11.0;CR35;1.2537033692312476
12.0;CR35;1.1972010646783886
13.0;CR35;1.141224906994214
14.0;CR35;1.0887771390173775
15.0;CR35;1.0368712514015064
16.0;CR35;0.9868277808301614
17.0;CR35;0.9401654062739708
18.0;CR35;0.8958168668679922
19.0;CR35;0.8533495799543511
20.0;CR35;0.8146677902733181
21.0;CR35;0.7772078970759456
22.0;CR35;0.7425330603666073
23.0;CR35;0.7103366819508725
24.0;CR35;0.6809831319188732
25.0;CR35;0.6539080270041131
26.0;CR35;0.6294165348299795
27.0;CR35;0.6079862317509592
28.0;CR35;0.5885709713606904
29.0;CR35;0.5713115013416425
30.0;CR35;0.5559879695139892
31.0;CR35;0.5438769830496424
32.0;CR35;0.5327162500078948
33.0;CR35;0.5239648128161964
34.0;CR35;0.5167886407624254
35.0;CR35;0.511206232044323
36.0;CR35;0.5073827232086938
37.0;CR35;0.504563119796465
38.0;CR35;0.5023675304606813
39.0;CR35;0.5018135597085518
40.0;CR35;0.5009531829798924
41.0;CR35;0.5010077960125341
42.0;CR35;0.5006353865238632
43.0;CR35;0.5005521349815895
44.0;CR35;0.5008846348250126
45.0;CR35;0.5000140533337222
46.0;CR35;0.5002347564210133
47.0;CR35;0.5001646603410189
48.0;CR35;0.4978749425360071
49.0;CR35;0.4906119494257441
50.0;CR35;0.4769207651687025
51.0;CR35;0.4565623360403251
52.0;CR35;0.4310170777023445
53.0;CR35;0.3999825896495708
54.0;CR35;0.3624409581526005
55.0;CR35;0.3198913692724571
56.0;CR35;0.2716167817872002
57.0;CR35;0.21732308954318
58.0;CR35;
59.0;CR35;
60.0;CR35;
61.0;CR35;
62.0;CR35;
63.0;CR35;
64.0;CR35;
65.0;CR35;
66.0;CR35;
67.0;CR35;
68.0;CR35;
69.0;CR35;
70.0;CR35;
71.0;CR35;
72.0;CR35;
73.0;CR35;
74.0;CR35;
75.0;CR35;
76.0;CR35;
77.0;CR35;
4.0;CR40;1.6890072322624912
5.0;CR40;1.6303490505746685
6.0;CR40;1.5729826386238968
7.0;CR40;1.5146270417416767
8.0;CR40;1.456834721332925
9.0;CR40;1.4013852235848705
10.0;CR40;1.3467076982066697
11.0;CR40;1.2916074334941292
12.0;CR40;1.2387699006737638
13.0;CR40;1.1868310964983124
14.0;CR40;1.1371158820116196
15.0;CR40;1.088488147052493
16.0;CR40;1.041654096851882
17.0;CR40;0.9965827299252644
18.0;CR40;0.9528781992169
19.0;CR40;0.9116015485560036
20.0;CR40;0.8715412814579315
21.0;CR40;0.8328348784119272
22.0;CR40;0.7966622141791698
23.0;CR40;0.7639922455806958
24.0;CR40;0.7324074557245924
25.0;CR40;0.7032067844513844
26.0;CR40;0.676529513394194
27.0;CR40;0.6523515449078116
28.0;CR40;0.629933201666195
29.0;CR40;0.6091956471105727
30.0;CR40;0.5907988035158462
31.0;CR40;0.5751197534651766
32.0;CR40;0.5613080102128986
33.0;CR40;0.5482535817933117
34.0;CR40;0.537527355188832
35.0;CR40;0.5285308357618196
36.0;CR40;0.5208822779969824
37.0;CR40;0.5150015940199947
38.0;CR40;0.5097802412733328
39.0;CR40;0.5066575900692506
40.0;CR40;0.5044555151573762
41.0;CR40;0.5022330883554207
42.0;CR40;0.5012106428109733
43.0;CR40;0.4998984532975721
44.0;CR40;0.5000651556332039
45.0;CR40;0.4999599513176038
46.0;CR40;0.4999504137733797
47.0;CR40;0.4997099513968697
48.0;CR40;0.4992289984909283
49.0;CR40;0.5002759886110779
50.0;CR40;0.4996570433143893
51.0;CR40;0.4996510250596066
52.0;CR40;0.4999788838315638
53.0;CR40;0.4973270987717341
54.0;CR40;0.4903909667961847
55.0;CR40;0.4791512070150158
56.0;CR40;0.4643338561415093
57.0;CR40;0.4461282662309555
58.0;CR40;0.4232277254959535
59.0;CR40;0.3967462641857379
60.0;CR40;0.3654522563068124
61.0;CR40;0.3306618969018098
62.0;CR40;
63.0;CR40;
64.0;CR40;
65.0;CR40;
66.0;CR40;
67.0;CR40;
68.0;CR40;
69.0;CR40;
70.0;CR40;
71.0;CR40;
72.0;CR40;
73.0;CR40;
74.0;CR40;
75.0;CR40;
76.0;CR40;
77.0;CR40;
4.0;CR45;1.67199519527074
5.0;CR45;1.6148132876534638
6.0;CR45;1.5613535683084985
7.0;CR45;1.5076360620377398
8.0;CR45;1.4535625517136497
9.0;CR45;1.4013388874867228
10.0;CR45;1.3497480728098656
11.0;CR45;1.2997146738349536
12.0;CR45;1.2507019401788269
13.0;CR45;1.2018527854676448
14.0;CR45;1.1551435539802493
15.0;CR45;1.1090109863361302
16.0;CR45;1.0653670255798573
17.0;CR45;1.0226595394537128
18.0;CR45;0.9810541268977216
19.0;CR45;0.9404094231826884
20.0;CR45;0.902341185521842
21.0;CR45;0.8649542556804878
22.0;CR45;0.8299608022505011
23.0;CR45;0.7964708532727746
24.0;CR45;0.7652134760324875
25.0;CR45;0.7351555972184998
26.0;CR45;0.7073251517611782
27.0;CR45;0.6816539706073598
28.0;CR45;0.6587758945405207
29.0;CR45;0.6364103949498987
30.0;CR45;0.616134721957043
31.0;CR45;0.5990069478266388
32.0;CR45;0.5822341932123903
33.0;CR45;0.5672303344255298
34.0;CR45;0.5549955874697063
35.0;CR45;0.5443218975768059
36.0;CR45;0.5345904541778472
37.0;CR45;0.5259425068677066
38.0;CR45;0.5188481888067192
39.0;CR45;0.5136083444227733
40.0;CR45;0.5099509861659451
41.0;CR45;0.5061242958002777
42.0;CR45;0.5033313481004994
43.0;CR45;0.5017945586729278
44.0;CR45;0.5003130657352671
45.0;CR45;0.4993138511338356
46.0;CR45;0.4990383702105245
47.0;CR45;0.4997392254733591
48.0;CR45;0.4997346561843506
49.0;CR45;0.499509683041494
50.0;CR45;0.499238662742949
51.0;CR45;0.4991645507517397
52.0;CR45;0.4989476747914472
53.0;CR45;0.4986789722249128
54.0;CR45;0.4991361096478963
55.0;CR45;0.499205157084531
56.0;CR45;0.5000570237731923
57.0;CR45;0.5000657354713846
58.0;CR45;0.4980698879254018
59.0;CR45;0.494551126282256
60.0;CR45;0.4887263357601243
61.0;CR45;0.4808184411247627
62.0;CR45;0.4709240473624236
63.0;CR45;0.4582525517298154
64.0;CR45;0.4441420230843425
65.0;CR45;0.4282304879191427
66.0;CR45;0.4098526252982187
67.0;CR45;
68.0;CR45;
69.0;CR45;
70.0;CR45;
71.0;CR45;
72.0;CR45;
73.0;CR45;
74.0;CR45;
75.0;CR45;
76.0;CR45;
77.0;CR45;
4.0;CR50;1.6309625010031894
5.0;CR50;1.578973646195993
6.0;CR50;1.529892282236305
7.0;CR50;1.48066796764251
8.0;CR50;1.431895236143725
9.0;CR50;1.383539269272427
10.0;CR50;1.3348471157383353
11.0;CR50;1.2884582897933772
12.0;CR50;1.242012710356954
13.0;CR50;1.1978168372496365
14.0;CR50;1.153846948498975
15.0;CR50;1.1109557439233355
16.0;CR50;1.0682327535288842
17.0;CR50;1.028449911538417
18.0;CR50;0.9893254560156316
19.0;CR50;0.9508187998554476
20.0;CR50;0.914121643407174
21.0;CR50;0.8784873883257824
22.0;CR50;0.8449332726999429
23.0;CR50;0.8126469261392362
24.0;CR50;0.7817489091570766
25.0;CR50;0.7529721653737569
26.0;CR50;0.7251157888273223
27.0;CR50;0.7001942982369395
28.0;CR50;0.6766002170198974
29.0;CR50;0.6536329724999252
30.0;CR50;0.6327852399918188
31.0;CR50;0.6141832438646374
32.0;CR50;0.596937804045428
33.0;CR50;0.5815930455608002
34.0;CR50;0.5682346373429842
35.0;CR50;0.5552493621375498
36.0;CR50;0.543665496284617
37.0;CR50;0.5347560686355054
38.0;CR50;0.5271382938718832
39.0;CR50;0.5203935545942099
40.0;CR50;0.5145572050692429
41.0;CR50;0.5096173888539003
42.0;CR50;0.5073980856265649
43.0;CR50;0.5047098404007737
44.0;CR50;0.5020268769060635
45.0;CR50;0.5008535538129174
46.0;CR50;0.500681179669879
47.0;CR50;0.5009597609988926
48.0;CR50;0.4998371457698289
49.0;CR50;0.4995660713409895
50.0;CR50;0.5005414401372361
51.0;CR50;0.5006830808385058
52.0;CR50;0.5000109821070441
53.0;CR50;0.5001148480866181
54.0;CR50;0.5003514010428942
55.0;CR50;0.5007794682922205
56.0;CR50;0.5001053409092263
57.0;CR50;0.5002635410921484
58.0;CR50;0.5003118747709363
59.0;CR50;0.5003878959838357
60.0;CR50;0.5006960760294387
61.0;CR50;0.5012020669650665
62.0;CR50;0.5008032864548164
63.0;CR50;0.5015262371423066
64.0;CR50;0.5009515582186678
65.0;CR50;0.5011941909722747
66.0;CR50;0.5013163639528991
67.0;CR50;0.5016942318532268
68.0;CR50;0.5023701896772358
69.0;CR50;0.5018614987825688
70.0;CR50;0.5021776775702683
71.0;CR50;0.5023426730914464
72.0;CR50;
73.0;CR50;
74.0;CR50;
75.0;CR50;
76.0;CR50;
77.0;CR50;
4.0;CR54;1.5780548502270375
5.0;CR54;1.5316874687093636
6.0;CR54;1.486683201070283
7.0;CR54;1.4418627263979955
8.0;CR54;1.3965478837886838
9.0;CR54;1.3529423464739052
10.0;CR54;1.307817275959989
11.0;CR54;1.264257132270661
12.0;CR54;1.2208994288156323
13.0;CR54;1.1794399340381965
14.0;CR54;1.1387618099253898
15.0;CR54;1.0982322842804102
16.0;CR54;1.059272752982759
17.0;CR54;1.0205746495634729
18.0;CR54;0.9839617683498536
19.0;CR54;0.947521537549013
20.0;CR54;0.9120213107438075
21.0;CR54;0.8779647281540423
22.0;CR54;0.8456464647816005
23.0;CR54;0.8151782574710418
24.0;CR54;0.7846189807030285
25.0;CR54;0.7568433539387008
26.0;CR54;0.7307369054547576
27.0;CR54;0.704809992799466
28.0;CR54;0.6808352796483416
29.0;CR54;0.6588488322493212
30.0;CR54;0.6394941735783018
31.0;CR54;0.6203152994239887
32.0;CR54;0.6021199924125964
33.0;CR54;0.5870057983589275
34.0;CR54;0.5731326889663678
35.0;CR54;0.5605843756396748
36.0;CR54;0.5490595366996307
37.0;CR54;0.5393270164879966
38.0;CR54;0.5313849310887228
39.0;CR54;0.5237509946573489
40.0;CR54;0.5174751496403869
41.0;CR54;0.5118771472123206
42.0;CR54;0.508881518433525
43.0;CR54;0.5056577878856021
44.0;CR54;0.5027711193338822
45.0;CR54;0.5016784199592922
46.0;CR54;0.5007081517700074
47.0;CR54;0.5000667305381098
48.0;CR54;0.5003303771979575
49.0;CR54;0.5003379657136322
50.0;CR54;0.4995542436224239
51.0;CR54;0.4998534608763318
52.0;CR54;0.5002665696206031
53.0;CR54;0.4998026468103579
54.0;CR54;0.4990205211200992
55.0;CR54;0.4997744225150817
56.0;CR54;0.5003390798140924
57.0;CR54;0.4997995397045927
58.0;CR54;0.5004915736681015
59.0;CR54;0.5002462468466758
60.0;CR54;0.5003442885987097
61.0;CR54;0.4999631472009173
62.0;CR54;0.4996338767626286
63.0;CR54;0.5003459151397048
64.0;CR54;0.4999176250555414
65.0;CR54;0.4996036993534385
66.0;CR54;0.5002814990216522
67.0;CR54;0.5001781675527341
68.0;CR54;0.5002841440317739
69.0;CR54;0.500083423875453
70.0;CR54;0.4996914267584429
71.0;CR54;0.50045450955185
72.0;CR54;0.5004518261968899
73.0;CR54;0.5004037267989024
74.0;CR54;0.499834312658335
75.0;CR54;0.4999289188171441
76.0;CR54;
77.0;CR54;
4.0;CR58;1.5184528010177871
5.0;CR58;1.476670766934825
6.0;CR58;1.434225505562882
7.0;CR58;1.392549326551655
8.0;CR58;1.3500253762061536
9.0;CR58;1.3082044653039815
10.0;CR58;1.2666835192234855
11.0;CR58;1.2259265168577582
12.0;CR58;1.185450235674033
13.0;CR58;1.1450254259232884
14.0;CR58;1.107169466166959
15.0;CR58;1.0684779361420562
16.0;CR58;1.031794333582888
17.0;CR58;0.9956867284639624
18.0;CR58;0.9602720006317444
19.0;CR58;0.9258511969873536
20.0;CR58;0.8928547916098245
21.0;CR58;0.8602320503871356
22.0;CR58;0.8297711756228461
23.0;CR58;0.8002835989445484
24.0;CR58;0.7724998015230413
25.0;CR58;0.7453208967118886
26.0;CR58;0.7193033012476644
27.0;CR58;0.695901333317134
28.0;CR58;0.6734057209679767
29.0;CR58;0.6531329973114228
30.0;CR58;0.6339948700845361
31.0;CR58;0.6161434768255366
32.0;CR58;0.5990534784624009
33.0;CR58;0.5842212843476755
34.0;CR58;0.5715499948364517
35.0;CR58;0.5590408881136099
36.0;CR58;0.5481032303109914
37.0;CR58;0.5389410416459485
38.0;CR58;0.5300969015339728
39.0;CR58;0.522928301074844
40.0;CR58;0.5180398656701347
41.0;CR58;0.5130563202011919
42.0;CR58;0.5086143385842047
43.0;CR58;0.5064385066960246
44.0;CR58;0.5038246153969009
45.0;CR58;0.5018557559479159
46.0;CR58;0.5010176546837106
47.0;CR58;0.5000622534714863
48.0;CR58;0.5002227080238073
49.0;CR58;0.5005383561295701
50.0;CR58;0.5001530513958659
51.0;CR58;0.5000834610216793
52.0;CR58;0.4998342264790447
53.0;CR58;0.4995909822385164
54.0;CR58;0.4996847682720405
55.0;CR58;0.5000328238662585
56.0;CR58;0.5000018566083801
57.0;CR58;0.5005005481507383
58.0;CR58;0.5002671958217043
59.0;CR58;0.5000832453966854
60.0;CR58;0.5000969152524837
61.0;CR58;0.5006231632610533
62.0;CR58;0.5004297014087847
63.0;CR58;0.5003356598441766
64.0;CR58;0.5002432524731549
65.0;CR58;0.5000981114946125
66.0;CR58;0.4999965805599553
67.0;CR58;0.4999532513444764
68.0;CR58;0.500540405918388
69.0;CR58;0.5004429669487034
70.0;CR58;0.5003655365354768
71.0;CR58;0.5002976765928935
72.0;CR58;0.5002458475295862
73.0;CR58;0.5008534576826951
74.0;CR58;0.5001167766734047
75.0;CR58;0.5007346081150741
76.0;CR58;0.5000480330675358
77.0;CR58;0.5004806734364221
4.0;CR63;1.4627223338230837
5.0;CR63;1.422548765694764
6.0;CR63;1.380179356860583
7.0;CR63;1.3391749763566032
8.0;CR63;1.2991391394746252
9.0;CR63;1.25915992291813
10.0;CR63;1.2192884319303745
11.0;CR63;1.1793350247738414
12.0;CR63;1.140507894658357
13.0;CR63;1.1022506639901823
14.0;CR63;1.0638127891153284
15.0;CR63;1.0261124516033142
16.0;CR63;0.9910112994393276
17.0;CR63;0.956981116538556
18.0;CR63;0.9226807914272798
19.0;CR63;0.890379646979968
20.0;CR63;0.8588184942921985
21.0;CR63;0.8282868614790951
22.0;CR63;0.8000635188340137
23.0;CR63;0.7726831925035598
24.0;CR63;0.7459299873424459
25.0;CR63;0.7215158334577859
26.0;CR63;0.697518207483076
27.0;CR63;0.6760477729354165
28.0;CR63;0.6558492704250372
29.0;CR63;0.6359923196392442
30.0;CR63;0.6184612571871222
31.0;CR63;0.6025639974785946
32.0;CR63;0.5874221037921927
33.0;CR63;0.5736831565066359
34.0;CR63;0.5615553437939924
35.0;CR63;0.5506347198209952
36.0;CR63;0.5415756117865704
37.0;CR63;0.5320565768629727
38.0;CR63;0.5260898364987764
39.0;CR63;0.5196290219061406
40.0;CR63;0.514256601741095
41.0;CR63;0.5105582770089947
42.0;CR63;0.5070622065551147
43.0;CR63;0.5044983653500871
44.0;CR63;0.5016651811530412
45.0;CR63;0.5008797914465741
46.0;CR63;0.5008058706364694
47.0;CR63;0.4996307114119697
48.0;CR63;0.4997394141687947
49.0;CR63;0.4994020303646853
50.0;CR63;0.4992613369374584
51.0;CR63;0.4996116710574396
52.0;CR63;0.4990212515031155
53.0;CR63;0.4995662307923997
54.0;CR63;0.4998799252896708
55.0;CR63;0.4999048051460622
56.0;CR63;0.499224133787595
57.0;CR63;0.4991826308449807
58.0;CR63;0.4986319582904974
59.0;CR63;0.4991415236124651
60.0;CR63;0.4984732466995213
61.0;CR63;0.499019586493544
62.0;CR63;0.4990662915978591
63.0;CR63;0.4989457234279603
64.0;CR63;0.4988527551557306
65.0;CR63;0.4987826653821787
66.0;CR63;0.498624706646933
67.0;CR63;0.4986021404942792
68.0;CR63;0.4983306731227155
69.0;CR63;0.4988635796502113
70.0;CR63;0.4988537800097338
71.0;CR63;0.4985910745129595
72.0;CR63;0.4990136978711939
73.0;CR63;0.4991405491709847
74.0;CR63;
75.0;CR63;
76.0;CR63;
77.0;CR63;
4.0;CR67;1.405128704670036
5.0;CR67;1.3638330982674407
6.0;CR67;1.3227774753049626
7.0;CR67;1.2815585812492838
8.0;CR67;1.2410602903594736
9.0;CR67;1.20206959967236
10.0;CR67;1.1623387377497283
11.0;CR67;1.123503127542926
12.0;CR67;1.0846268183174983
13.0;CR67;1.0493600965289602
14.0;CR67;1.0110039240054811
15.0;CR67;0.9757763994107324
16.0;CR67;0.9412700053012651
17.0;CR67;0.907788458259369
18.0;CR67;0.8760815435008809
19.0;CR67;0.8456581415872945
20.0;CR67;0.8164644709520131
21.0;CR67;0.7877639697392593
22.0;CR67;0.7607942798060096
23.0;CR67;0.7353942446489881
24.0;CR67;0.7115055265458626
25.0;CR67;0.6892903602483649
26.0;CR67;0.6682296798809025
27.0;CR67;0.6487276763227279
28.0;CR67;0.6300225912589744
29.0;CR67;0.6130858986304729
30.0;CR67;0.5977668917374429
31.0;CR67;0.5837638985663756
32.0;CR67;0.5706933232904381
33.0;CR67;0.5590745076988967
34.0;CR67;0.5479938058946643
35.0;CR67;0.5387193671205267
36.0;CR67;0.5310327762562461
37.0;CR67;0.5240304148935897
38.0;CR67;0.5187447284246579
39.0;CR67;0.5133689401145344
40.0;CR67;0.5096138152432532
41.0;CR67;0.5060384381626954
42.0;CR67;0.5037360398850059
43.0;CR67;0.5020933671724371
44.0;CR67;0.5011116867460602
45.0;CR67;0.500324762421169
46.0;CR67;0.4997398082038088
47.0;CR67;0.4996099397817092
48.0;CR67;0.4997860727982957
49.0;CR67;0.4996129555285258
50.0;CR67;0.4998447016497148
51.0;CR67;0.4990216529734976
52.0;CR67;0.4988085853897508
53.0;CR67;0.4987102536656531
54.0;CR67;0.4991311245652675
55.0;CR67;0.4998820758058797
56.0;CR67;0.49921024082269
57.0;CR67;0.4989259465608398
58.0;CR67;0.4986122644531187
59.0;CR67;0.4990175110400114
60.0;CR67;0.4989798720048553
61.0;CR67;0.4992610481860715
62.0;CR67;0.4992600595796597
63.0;CR67;0.4988158573691661
64.0;CR67;0.4986014224571216
65.0;CR67;
66.0;CR67;
67.0;CR67;
68.0;CR67;
69.0;CR67;
70.0;CR67;
71.0;CR67;
72.0;CR67;
73.0;CR67;
74.0;CR67;
75.0;CR67;
76.0;CR67;
77.0;CR67;
4.0;CR71;1.3550843528731904
5.0;CR71;1.3115666602497849
6.0;CR71;1.2701360417780194
7.0;CR71;1.2288763551256827
8.0;CR71;1.1872728591861428
9.0;CR71;1.1469829722051266
10.0;CR71;1.108365227419075
11.0;CR71;1.07035424188989
12.0;CR71;1.033034135769543
13.0;CR71;0.997275548982734
14.0;CR71;0.9615279288635848
15.0;CR71;0.9279703945007278
16.0;CR71;0.8952157260075532
17.0;CR71;0.8634463227283934
18.0;CR71;0.8336562717021931
19.0;CR71;0.8047932004862232
20.0;CR71;0.7770897587978592
21.0;CR71;0.7509652273360988
22.0;CR71;0.7260718950249453
23.0;CR71;0.7032551134815828
24.0;CR71;0.6812090083045061
25.0;CR71;0.6606299842498242
26.0;CR71;0.6417389345965758
27.0;CR71;0.6238371501319847
28.0;CR71;0.6077227471816239
29.0;CR71;0.591756000794596
30.0;CR71;0.5778807544179398
31.0;CR71;0.5658407739243542
32.0;CR71;0.5560085721599639
33.0;CR71;0.5454961677776449
34.0;CR71;0.5363518463697139
35.0;CR71;0.5295677661193667
36.0;CR71;0.5230402562774173
37.0;CR71;0.5175007487097394
38.0;CR71;0.5127895099582993
39.0;CR71;0.5091333796712214
40.0;CR71;0.5058011946428862
41.0;CR71;0.5036927772350498
42.0;CR71;0.5016619983396677
43.0;CR71;0.5011581293743993
44.0;CR71;0.5008400909668141
45.0;CR71;0.4996730501036335
46.0;CR71;0.5003440862635683
47.0;CR71;0.4995425027575518
48.0;CR71;0.4995872945915432
49.0;CR71;0.500282965013379
50.0;CR71;0.5003203497549812
51.0;CR71;0.4996766138242478
52.0;CR71;0.5002621815676679
53.0;CR71;0.5011630468595987
54.0;CR71;
55.0;CR71;
56.0;CR71;
57.0;CR71;
58.0;CR71;
59.0;CR71;
60.0;CR71;
61.0;CR71;
62.0;CR71;
63.0;CR71;
64.0;CR71;
65.0;CR71;
66.0;CR71;
67.0;CR71;
68.0;CR71;
69.0;CR71;
70.0;CR71;
71.0;CR71;
72.0;CR71;
73.0;CR71;
74.0;CR71;
75.0;CR71;
76.0;CR71;
77.0;CR71;
4.0;CR75;1.3076212756996728
5.0;CR75;1.263703239677071
6.0;CR75;1.2217606659268696
7.0;CR75;1.1794043816141049
8.0;CR75;1.1388683689142574
9.0;CR75;1.098367505164253
10.0;CR75;1.0600455028498752
11.0;CR75;1.0216508931664996
12.0;CR75;0.9856793086572112
13.0;CR75;0.9498067538651844
14.0;CR75;0.916128706134932
15.0;CR75;0.8836019366966327
16.0;CR75;0.8527985289091874
17.0;CR75;0.8232468470352063
18.0;CR75;0.793825416625572
19.0;CR75;0.7669723096079422
20.0;CR75;0.7410350346373984
21.0;CR75;0.7161194369176859
22.0;CR75;0.6930231126786639
23.0;CR75;0.6714349641126619
24.0;CR75;0.6506772264169437
25.0;CR75;0.6316758608581827
26.0;CR75;0.6142259604751917
27.0;CR75;0.5974216320037344
28.0;CR75;0.5835359599916109
29.0;CR75;0.5701970675298149
30.0;CR75;0.5579501264899501
31.0;CR75;0.5480226419825469
32.0;CR75;0.5378354971056903
33.0;CR75;0.5296461901480432
34.0;CR75;0.5231460251059493
35.0;CR75;0.5172388958908156
36.0;CR75;0.5121954136221447
37.0;CR75;0.5081226209002837
38.0;CR75;0.5053904304797178
39.0;CR75;0.5027857227522101
40.0;CR75;0.5009934237022802
41.0;CR75;0.5005413274889033
42.0;CR75;0.5001543564811849
43.0;CR75;0.499918717660157
44.0;CR75;0.4990626093034125
45.0;CR75;0.4984350716201531
46.0;CR75;
47.0;CR75;
48.0;CR75;
49.0;CR75;
50.0;CR75;
51.0;CR75;
52.0;CR75;
53.0;CR75;
54.0;CR75;
55.0;CR75;
56.0;CR75;
57.0;CR75;
58.0;CR75;
59.0;CR75;
60.0;CR75;
61.0;CR75;
62.0;CR75;
63.0;CR75;
64.0;CR75;
65.0;CR75;
66.0;CR75;
67.0;CR75;
68.0;CR75;
69.0;CR75;
70.0;CR75;
71.0;CR75;
72.0;CR75;
73.0;CR75;
74.0;CR75;
75.0;CR75;
76.0;CR75;
77.0;CR75;
4.0;CR80;1.266920088817266
5.0;CR80;1.2237264599181903
6.0;CR80;1.182107284152535
7.0;CR80;1.1409107749737866
8.0;CR80;1.101101402035605
9.0;CR80;1.0628187322729563
10.0;CR80;1.0243055370801233
11.0;CR80;0.9877217416600086
12.0;CR80;0.9524277811861672
13.0;CR80;0.9175285162895056
14.0;CR80;0.8853717147753648
15.0;CR80;0.8540746823956883
16.0;CR80;0.8239889229625548
17.0;CR80;0.7954032790804545
18.0;CR80;0.7676198507681389
19.0;CR80;0.7415701784628432
20.0;CR80;0.7169066594912205
21.0;CR80;0.6929567722842397
22.0;CR80;0.671544623638594
23.0;CR80;0.6506339935789424
24.0;CR80;0.6317480057327863
25.0;CR80;0.6147957970796706
26.0;CR80;0.5980920908116674
27.0;CR80;0.5827160314186299
28.0;CR80;0.5705273200131158
29.0;CR80;0.5573418138262433
30.0;CR80;0.5473410374928475
31.0;CR80;0.5381759545628017
32.0;CR80;0.5298039334079061
33.0;CR80;0.5228493939853652
34.0;CR80;0.5178753325518155
35.0;CR80;0.5124990114718703
36.0;CR80;0.5092571928851697
37.0;CR80;0.5063988620411151
38.0;CR80;0.5034544580577277
39.0;CR80;0.5025285483297415
40.0;CR80;0.5018877503936526
41.0;CR80;0.500479787213603
42.0;CR80;0.5007584573992196
43.0;CR80;0.5014066084785367
44.0;CR80;0.5009409819878519
45.0;CR80;
46.0;CR80;
47.0;CR80;
48.0;CR80;
49.0;CR80;
50.0;CR80;
51.0;CR80;
52.0;CR80;
53.0;CR80;
54.0;CR80;
55.0;CR80;
56.0;CR80;
57.0;CR80;
58.0;CR80;
59.0;CR80;
60.0;CR80;
61.0;CR80;
62.0;CR80;
63.0;CR80;
64.0;CR80;
65.0;CR80;
66.0;CR80;
67.0;CR80;
68.0;CR80;
69.0;CR80;
70.0;CR80;
71.0;CR80;
72.0;CR80;
73.0;CR80;
74.0;CR80;
75.0;CR80;
76.0;CR80;
77.0;CR80;
4.0;CR84;1.2205174706724562
5.0;CR84;1.1788434402602803
6.0;CR84;1.1387497349741276
7.0;CR84;1.1006614327531232
8.0;CR84;1.062740052768684
9.0;CR84;1.0271347326892375
10.0;CR84;0.9905004640269476
11.0;CR84;0.956188218448185
12.0;CR84;0.9216606634308688
13.0;CR84;0.8891727936797528
14.0;CR84;0.8583232096186412
15.0;CR84;0.8283656508325927
16.0;CR84;0.7996788919766339
17.0;CR84;0.7716816353955235
18.0;CR84;0.7457714811965611
19.0;CR84;0.7209391392566101
20.0;CR84;0.6971755615011652
21.0;CR84;0.6750158021897754
22.0;CR84;0.6546706655278688
23.0;CR84;0.6354601394137788
24.0;CR84;0.6166747202709139
25.0;CR84;0.5998921821323222
26.0;CR84;0.5855937740292618
27.0;CR84;0.5721980832403498
28.0;CR84;0.5593584066378617
29.0;CR84;0.5488477174725485
30.0;CR84;0.5392603984034537
31.0;CR84;0.5303940125885653
32.0;CR84;0.5229725048299576
33.0;CR84;0.5164827180630592
34.0;CR84;0.5115496641865628
35.0;CR84;0.5073477089255216
36.0;CR84;0.5042743405892439
37.0;CR84;0.5018557743500983
38.0;CR84;0.5002061933408717
39.0;CR84;0.4988872971924737
40.0;CR84;0.4979504558337287
41.0;CR84;0.4972108909267718
42.0;CR84;0.4976160933520531
43.0;CR84;0.4979658885743476
44.0;CR84;0.498094314547443
45.0;CR84;0.4982766121620268
46.0;CR84;0.4982655358049352
47.0;CR84;0.4990581593448812
48.0;CR84;0.4990773380566885
49.0;CR84;0.4984609202672427
50.0;CR84;0.4989940342720527
51.0;CR84;0.4983405453737513
52.0;CR84;0.4980301262138937
53.0;CR84;0.498549064662156
54.0;CR84;0.4980677059842245
55.0;CR84;0.4981121986233428
56.0;CR84;
57.0;CR84;
58.0;CR84;
59.0;CR84;
60.0;CR84;
61.0;CR84;
62.0;CR84;
63.0;CR84;
64.0;CR84;
65.0;CR84;
66.0;CR84;
67.0;CR84;
68.0;CR84;
69.0;CR84;
70.0;CR84;
71.0;CR84;
72.0;CR84;
73.0;CR84;
74.0;CR84;
75.0;CR84;
76.0;CR84;
77.0;CR84;
4.0;CR88;1.1873850060769602
5.0;CR88;1.1490137470478816
6.0;CR88;1.1101410512945082
7.0;CR88;1.0738371809234577
8.0;CR88;1.037016938808924
9.0;CR88;1.0028872894244094
10.0;CR88;0.9677372994001732
11.0;CR88;0.9345176617938742
12.0;CR88;0.9008708662211432
13.0;CR88;0.869181650091237
14.0;CR88;0.8401234185509038
15.0;CR88;0.8099975135292314
16.0;CR88;0.782455204198342
17.0;CR88;0.7557249387243394
18.0;CR88;0.7304906434790203
19.0;CR88;0.707167262905381
20.0;CR88;0.6841655852391124
21.0;CR88;0.6629592250639184
22.0;CR88;0.6432210349180029
23.0;CR88;0.6256330503597152
24.0;CR88;0.6085699718911824
25.0;CR88;0.5924385770203845
26.0;CR88;0.5788952565029503
27.0;CR88;0.5661347075707692
28.0;CR88;0.5544269168737591
29.0;CR88;0.5441613806580852
30.0;CR88;0.5352853391673076
31.0;CR88;0.528164584906523
32.0;CR88;0.5218544903737403
33.0;CR88;0.5167329301439063
34.0;CR88;0.5115646343870199
35.0;CR88;0.5086233068462794
36.0;CR88;0.5058301204173665
37.0;CR88;0.5037758795357449
38.0;CR88;0.5025644771708325
39.0;CR88;0.5017766982599288
40.0;CR88;0.5009967654183347
41.0;CR88;0.5002760174584909
42.0;CR88;0.500479305157085
43.0;CR88;0.5003043984402281
44.0;CR88;0.5000334288751975
45.0;CR88;0.5008980195320918
46.0;CR88;0.5004463005638762
47.0;CR88;0.5000686757532073
48.0;CR88;0.4989825748078204
49.0;CR88;0.4998043644811781
50.0;CR88;0.4998487339464471
51.0;CR88;0.4989682238231102
52.0;CR88;0.498911246495382
53.0;CR88;0.4987522548542371
54.0;CR88;0.4986439294682288
55.0;CR88;0.4981305843325149
56.0;CR88;0.4985949346180065
57.0;CR88;0.4984373640137729
58.0;CR88;0.4983713859349178
59.0;CR88;0.4980952775107709
60.0;CR88;0.4981686684021745
61.0;CR88;0.4989418450924077
62.0;CR88;0.4985924901472233
63.0;CR88;0.4984159593921592
64.0;CR88;
65.0;CR88;
66.0;CR88;
67.0;CR88;
68.0;CR88;
69.0;CR88;
70.0;CR88;
71.0;CR88;
72.0;CR88;
73.0;CR88;
74.0;CR88;
75.0;CR88;
76.0;CR88;
77.0;CR88;
4.0;CR90;1.1464322696746696
5.0;CR90;1.109027915922031
6.0;CR90;1.070507149340747
7.0;CR90;1.0342886193361638
8.0;CR90;0.9991120426098062
9.0;CR90;0.964719794526454
10.0;CR90;0.9317893770014164
11.0;CR90;0.899037317235349
12.0;CR90;0.8671509468751117
13.0;CR90;0.8365425295444653
14.0;CR90;0.8083490229436804
15.0;CR90;0.7804592179385922
16.0;CR90;0.753286955520343
17.0;CR90;0.7288616600213048
18.0;CR90;0.704836792384088
19.0;CR90;0.6816384917881583
20.0;CR90;0.6613347201725248
21.0;CR90;0.6416740292050297
22.0;CR90;0.6234350677106819
23.0;CR90;0.6074739882137266
24.0;CR90;0.5920463663630736
25.0;CR90;0.5776752796339553
26.0;CR90;0.566326994956015
27.0;CR90;0.5548653561833674
28.0;CR90;0.5441264033318147
29.0;CR90;0.5363047037363889
30.0;CR90;0.5286032469952167
31.0;CR90;0.5228050720029187
32.0;CR90;0.5182359785418073
33.0;CR90;0.5140967418361132
34.0;CR90;0.5109156317698594
35.0;CR90;0.5086820804775382
36.0;CR90;0.5076902000231588
37.0;CR90;0.5069782504271394
38.0;CR90;0.5063691917898357
39.0;CR90;0.5065398607607746
40.0;CR90;0.5066593662007824
41.0;CR90;0.5073450937734436
42.0;CR90;0.5077610838611517
43.0;CR90;0.5070366316194569
44.0;CR90;0.5077608286076454
45.0;CR90;0.5082506920614245
46.0;CR90;0.5079899914195778
47.0;CR90;0.5080864147629548
48.0;CR90;0.5073231848322273
49.0;CR90;0.507059116350882
50.0;CR90;0.507191148452321
51.0;CR90;0.5077527536903124
52.0;CR90;0.5057038388010057
53.0;CR90;0.5053343198529938
54.0;CR90;0.5054997486803511
55.0;CR90;0.5039172966914999
56.0;CR90;0.5038709856196859
57.0;CR90;0.5036902592438054
58.0;CR90;0.5029438401286972
59.0;CR90;0.5021670777831986
60.0;CR90;0.5014099077369831
61.0;CR90;
62.0;CR90;
63.0;CR90;
64.0;CR90;
65.0;CR90;
66.0;CR90;
67.0;CR90;
68.0;CR90;
69.0;CR90;
70.0;CR90;
71.0;CR90;
72.0;CR90;
73.0;CR90;
74.0;CR90;
75.0;CR90;
76.0;CR90;
77.0;CR90;
4.0;CR92;1.1288481286063892
5.0;CR92;1.092394733014151
6.0;CR92;1.0557098151099529
7.0;CR92;1.0203819858212333
8.0;CR92;0.9871189636408696
9.0;CR92;0.9537671190564436
10.0;CR92;0.9214329061568812
11.0;CR92;0.8901160550865131
12.0;CR92;0.860612057899322
13.0;CR92;0.8310607195160546
14.0;CR92;0.8035531118677842
15.0;CR92;0.7773427982335952
16.0;CR92;0.751615289652695
17.0;CR92;0.7274497241608139
18.0;CR92;0.7048467198641145
19.0;CR92;0.6838827495079851
20.0;CR92;0.6639702096159604
21.0;CR92;0.645202120229795
22.0;CR92;0.6283506660652386
23.0;CR92;0.6127414255508464
24.0;CR92;0.5988045159897097
25.0;CR92;0.5865046721153544
26.0;CR92;0.5742253881991711
27.0;CR92;0.5644917472242863
28.0;CR92;0.5554822455648878
29.0;CR92;0.547762934280244
30.0;CR92;0.5419601219755125
31.0;CR92;0.5365175828217683
32.0;CR92;0.5323901228953571
33.0;CR92;0.5286385377813937
34.0;CR92;0.5257949930817689
35.0;CR92;0.5243803203163829
36.0;CR92;0.5240859202294568
37.0;CR92;0.523733037273087
38.0;CR92;0.5233892872124841
39.0;CR92;0.5234704407630164
40.0;CR92;0.5244965675241421
41.0;CR92;0.5250390687348302
42.0;CR92;0.5255410887743768
43.0;CR92;0.5260619920279666
44.0;CR92;0.5265764006092442
45.0;CR92;0.5275854138602742
46.0;CR92;0.5276939816148968
47.0;CR92;0.5278567173281754
48.0;CR92;0.527018287438699
49.0;CR92;0.5275650656523865
50.0;CR92;0.526007245268561
51.0;CR92;0.5266426611759313
52.0;CR92;0.525609122019019
53.0;CR92;0.5248018729033654
54.0;CR92;
55.0;CR92;
56.0;CR92;
57.0;CR92;
58.0;CR92;
59.0;CR92;
60.0;CR92;
61.0;CR92;
62.0;CR92;
63.0;CR92;
64.0;CR92;
65.0;CR92;
66.0;CR92;
67.0;CR92;
68.0;CR92;
69.0;CR92;
70.0;CR92;
71.0;CR92;
72.0;CR92;
73.0;CR92;
74.0;CR92;
75.0;CR92;
76.0;CR92;
77.0;CR92;
4.0;CR94;1.1117096185111095
5.0;CR94;1.0775419809606237
6.0;CR94;1.0429142280164343
7.0;CR94;1.008461380963279
8.0;CR94;0.9755227622185704
9.0;CR94;0.943961507019465
10.0;CR94;0.9124063117008644
11.0;CR94;0.8821842657784466
12.0;CR94;0.8526688874322016
13.0;CR94;0.8245102922205916
14.0;CR94;0.7961898529372896
15.0;CR94;0.7705209755537215
16.0;CR94;0.7457835729197079
17.0;CR94;0.7220731546587683
18.0;CR94;0.6998180581481876
19.0;CR94;0.6781018741682513
20.0;CR94;0.658906268407608
21.0;CR94;0.6409953524041632
22.0;CR94;0.6243387225863438
23.0;CR94;0.6088135201763731
24.0;CR94;0.5948323331691245
25.0;CR94;0.5819226698078174
26.0;CR94;0.5707306757751868
27.0;CR94;0.5607492881588898
28.0;CR94;0.5517442743791411
29.0;CR94;0.5446541788616722
30.0;CR94;0.5381657714385443
31.0;CR94;0.5325067299303373
32.0;CR94;0.5286763085658678
33.0;CR94;0.5259100918242906
34.0;CR94;0.5239783029441892
35.0;CR94;0.5223200674652019
36.0;CR94;0.5213495097438029
37.0;CR94;0.521745317819501
38.0;CR94;0.5218971252718015
39.0;CR94;0.5217970049262134
40.0;CR94;0.5234623749038513
41.0;CR94;0.5243905674275298
42.0;CR94;0.5247602730787311
43.0;CR94;0.526339174681294
44.0;CR94;0.5257946193404271
45.0;CR94;0.5258439347304729
46.0;CR94;0.5254211416095744
47.0;CR94;
48.0;CR94;
49.0;CR94;
50.0;CR94;
51.0;CR94;
52.0;CR94;
53.0;CR94;
54.0;CR94;
55.0;CR94;
56.0;CR94;
57.0;CR94;
58.0;CR94;
59.0;CR94;
60.0;CR94;
61.0;CR94;
62.0;CR94;
63.0;CR94;
64.0;CR94;
65.0;CR94;
66.0;CR94;
67.0;CR94;
68.0;CR94;
69.0;CR94;
70.0;CR94;
71.0;CR94;
72.0;CR94;
73.0;CR94;
74.0;CR94;
75.0;CR94;
76.0;CR94;
77.0;CR94;
4.0;CR95;1.1156121705575923
5.0;CR95;1.0818194362880766
6.0;CR95;1.0488015620765472
7.0;CR95;1.0155065313568894
8.0;CR95;0.9827167410648732
9.0;CR95;0.9506966509219222
10.0;CR95;0.9191464761532514
11.0;CR95;0.8882882608800657
12.0;CR95;0.8586457031215856
13.0;CR95;0.8292654769656418
14.0;CR95;0.801580483592917
15.0;CR95;0.7750036364556244
16.0;CR95;0.7492561707801029
17.0;CR95;0.7241031792582411
18.0;CR95;0.7007150375463234
19.0;CR95;0.6788172170078872
20.0;CR95;0.6573930229043293
21.0;CR95;0.6391495712083176
22.0;CR95;0.6212214104312221
23.0;CR95;0.6042893328487073
24.0;CR95;0.590262503061546
25.0;CR95;0.5766374328682012
26.0;CR95;0.5633392724111228
27.0;CR95;0.5535938270060053
28.0;CR95;0.5452318279177645
29.0;CR95;0.5360932611152499
30.0;CR95;0.5299312878515324
31.0;CR95;0.5246274636100651
32.0;CR95;0.5205487807131063
33.0;CR95;0.5186772613959286
34.0;CR95;0.5161413702280139
35.0;CR95;0.5136944357624975
36.0;CR95;0.5129858865151594
37.0;CR95;0.5125318745533403
38.0;CR95;0.5125349918944612
39.0;CR95;
40.0;CR95;
41.0;CR95;
42.0;CR95;
43.0;CR95;
44.0;CR95;
45.0;CR95;
46.0;CR95;
47.0;CR95;
48.0;CR95;
49.0;CR95;
50.0;CR95;
51.0;CR95;
52.0;CR95;
53.0;CR95;
54.0;CR95;
55.0;CR95;
56.0;CR95;
57.0;CR95;
58.0;CR95;
59.0;CR95;
60.0;CR95;
61.0;CR95;
62.0;CR95;
63.0;CR95;
64.0;CR95;
65.0;CR95;
66.0;CR95;
67.0;CR95;
68.0;CR95;
69.0;CR95;
70.0;CR95;
71.0;CR95;
72.0;CR95;
73.0;CR95;
74.0;CR95;
75.0;CR95;
76.0;CR95;
77.0;CR95;
