CR03,CR05,CR06,CR08,CR09,CR10,CR15,CR20,CR25,CR30,CR35,CR40,CR45,CR50,CR54,CR58,CR63,CR67,CR71,CR75,CR79,CR84,CR88,CR90,CR91,CR93,CR94,metric,serial_number,supplier,part_number,measurement_date,measurement_time,piece_folder
0.127497,0.157241,0.158818,0.143342,0.150450,0.137198,0.144898,0.162896,0.138875,0.137199,0.093902,0.071605,0.081354,0.035576,0.023419,0.032468,-0.014290,0.032636,0.059287,0.074175,0.132403,0.145543,0.172392,0.171475,0.034454,0.090781,0.098992,widthness,JE407542-N,MLX,362-850-019,20260205,034232,362_850_019_6F9_INT_PC_JE407542-N_05022026_034232_ARCHIVE
0.126962,0.134591,0.140830,0.137493,0.143194,0.145443,0.159219,0.168828,0.155358,0.153317,0.121140,0.085774,0.076228,0.050947,0.037627,0.029320,0.034250,0.050796,0.068738,0.070088,0.096253,0.124072,0.146260,0.124768,0.064089,0.061197,0.109221,widthness,JE407542-N,MLX,362-850-019,20260205,034232,362_850_019_6F9_INT_PC_JE407542-N_05022026_034232_ARCHIVE
0.125687,0.124984,0.131949,0.135465,0.147478,0.144453,0.163106,0.176884,0.164658,0.172447,0.133707,0.083918,0.084533,0.050621,0.034060,0.017211,0.025421,0.049537,0.085687,0.087684,0.078445,0.093300,0.097243,0.101743,0.067053,0.108214,0.105389,widthness,JE407542-N,MLX,362-850-019,20260205,034232,362_850_019_6F9_INT_PC_JE407542-N_05022026_034232_ARCHIVE
0.128524,0.115083,0.150993,0.139050,0.140514,0.141522,0.160906,0.164215,0.164899,0.164946,0.132627,0.098742,0.094635,0.056343,0.041577,0.045178,0.033845,0.065870,0.089933,0.088942,0.077447,0.085093,0.078007,0.092175,0.074736,0.089317,0.081081,widthness,JE407542-N,MLX,362-850-019,20260205,034232,362_850_019_6F9_INT_PC_JE407542-N_05022026_034232_ARCHIVE
0.126703,0.123223,0.141882,0.127698,0.146490,0.138040,0.158668,0.160472,0.170894,0.161601,0.130076,0.086232,0.089199,0.055121,0.042434,0.044631,0.043109,0.069233,0.097428,0.098734,0.065586,0.088688,0.071882,0.073731,0.080052,0.086479,0.100905,widthness,JE407542-N,MLX,362-850-019,20260205,034232,362_850_019_6F9_INT_PC_JE407542-N_05022026_034232_ARCHIVE
0.125600,0.124199,0.137524,0.133475,0.145957,0.132125,0.161668,0.159392,0.167790,0.167554,0.124698,0.092152,0.068356,0.053660,0.039241,0.051756,0.042906,0.058932,0.092038,0.102440,0.068679,0.086463,0.076923,0.076464,0.072937,0.089756,0.080813,widthness,JE407542-N,MLX,362-850-019,20260205,034232,362_850_019_6F9_INT_PC_JE407542-N_05022026_034232_ARCHIVE
0.117221,0.123964,0.133888,0.124860,0.137932,0.139618,0.154651,0.153596,0.166304,0.151556,0.120275,0.087144,0.076560,0.050010,0.034279,0.050966,0.049742,0.065023,0.091906,0.112517,0.073668,0.090812,0.073233,0.068929,0.072054,0.072293,0.082738,widthness,JE407542-N,MLX,362-850-019,20260205,034232,362_850_019_6F9_INT_PC_JE407542-N_05022026_034232_ARCHIVE
0.135062,0.123769,0.140212,0.123600,0.142884,0.129049,0.148928,0.152328,0.153215,0.149360,0.116289,0.080643,-0.070729,0.050713,0.040620,0.058220,0.050998,0.073711,0.101055,0.091632,0.072890,0.094826,0.074002,0.068799,0.066309,0.071277,0.070101,widthness,JE407542-N,MLX,362-850-019,20260205,034232,362_850_019_6F9_INT_PC_JE407542-N_05022026_034232_ARCHIVE
0.134934,0.127375,-0.023088,0.126940,0.132445,0.127973,0.146146,0.141167,0.148097,0.147317,0.114257,0.078146,0.074679,0.043698,0.035252,0.051401,0.049122,0.074557,0.097904,0.082788,0.064304,0.084950,0.068645,0.061148,0.067798,0.062899,0.066234,widthness,JE407542-N,MLX,362-850-019,20260205,034232,362_850_019_6F9_INT_PC_JE407542-N_05022026_034232_ARCHIVE
0.141401,0.134741,0.144117,0.124568,0.121979,0.137021,0.148258,0.148423,0.143087,0.135947,0.109932,0.066143,-0.038871,0.038949,0.024986,0.052002,0.048140,0.062890,0.093895,0.084151,0.059950,0.080680,0.065838,0.069957,0.061269,0.060024,0.062983,widthness,JE407542-N,MLX,362-850-019,20260205,034232,362_850_019_6F9_INT_PC_JE407542-N_05022026_034232_ARCHIVE
0.138167,0.125274,0.140091,0.131606,0.120054,0.133475,0.151242,0.157751,0.146440,0.133365,0.104767,0.068123,0.058922,0.033347,0.024168,0.051080,0.053014,0.077272,0.089795,0.071544,0.054283,0.079278,0.068703,0.070172,0.052511,0.061590,0.051697,widthness,JE407542-N,MLX,362-850-019,20260205,034232,362_850_019_6F9_INT_PC_JE407542-N_05022026_034232_ARCHIVE
0.141007,0.136292,0.142733,0.126129,0.115405,0.125120,0.156796,0.157212,0.146911,0.140739,0.102642,0.059656,0.059049,0.033539,0.026445,0.050938,0.054051,0.067105,0.099783,0.054039,0.040165,0.079142,0.068835,0.071203,0.053296,0.057040,0.014438,widthness,JE407542-N,MLX,362-850-019,20260205,034232,362_850_019_6F9_INT_PC_JE407542-N_05022026_034232_ARCHIVE
0.146897,0.132471,0.147830,0.132866,0.120831,0.127347,0.153891,0.150915,0.142040,0.139084,0.096719,0.048590,0.056540,0.026950,0.023564,0.050314,0.050414,0.067828,0.094254,0.048664,0.036669,0.075653,0.068207,0.064387,0.057007,0.057177,0.052328,widthness,JE407542-N,MLX,362-850-019,20260205,034232,362_850_019_6F9_INT_PC_JE407542-N_05022026_034232_ARCHIVE
0.147444,0.140494,0.142774,0.132100,0.116217,0.126854,0.152488,0.151555,0.142607,0.140258,0.081460,0.055725,0.048420,0.024620,0.025044,0.044339,0.043298,0.066618,0.081486,0.061007,0.038537,0.070904,0.069414,0.066931,0.055170,0.056159,0.030845,widthness,JE407542-N,MLX,362-850-019,20260205,034232,362_850_019_6F9_INT_PC_JE407542-N_05022026_034232_ARCHIVE
0.149795,0.140950,0.143038,0.128710,0.109552,0.125475,0.156737,0.158466,0.138268,0.126906,0.094072,0.047238,0.044975,0.020528,0.015151,0.039751,0.033690,0.061063,0.099951,0.047871,0.035426,0.069853,0.071346,0.069770,0.050170,0.058209,0.026018,widthness,JE407542-N,MLX,362-850-019,20260205,034232,362_850_019_6F9_INT_PC_JE407542-N_05022026_034232_ARCHIVE
0.160015,0.146794,0.146310,0.130764,0.126347,0.123057,0.152583,0.154599,0.141343,0.133006,0.092089,0.048702,0.033193,0.016194,0.018835,0.036714,0.035963,0.064122,0.062293,0.043017,-0.071537,0.068884,0.069657,0.067680,0.047438,0.050543,0.036185,widthness,JE407542-N,MLX,362-850-019,20260205,034232,362_850_019_6F9_INT_PC_JE407542-N_05022026_034232_ARCHIVE
0.162083,0.146876,0.147101,0.125416,0.123607,0.130254,0.153950,0.156122,0.142641,0.126419,0.063930,0.040630,0.033842,0.006111,0.017471,0.032029,0.025992,0.053321,0.057427,0.042014,-0.041874,0.074443,0.074911,0.065723,0.037614,0.045749,0.022327,widthness,JE407542-N,MLX,362-850-019,20260205,034232,362_850_019_6F9_INT_PC_JE407542-N_05022026_034232_ARCHIVE
0.170656,0.146378,0.151670,0.129485,0.122637,0.128809,0.154336,0.155896,0.142498,0.125206,0.088083,0.038526,0.030388,-0.036764,0.003293,0.026862,0.018920,0.054329,0.052837,0.035283,0.017717,0.069349,0.067134,0.064971,0.047598,0.046785,0.027678,widthness,JE407542-N,MLX,362-850-019,20260205,034232,362_850_019_6F9_INT_PC_JE407542-N_05022026_034232_ARCHIVE
0.172033,0.149324,0.148454,0.128396,0.124540,0.128603,0.149188,0.160422,0.141554,0.106390,0.083548,0.038984,0.014360,0.000344,0.016506,0.020717,0.012555,0.053126,0.053980,0.029192,0.019859,0.074202,0.072335,0.061713,0.041411,0.050801,0.011489,widthness,JE407542-N,MLX,362-850-019,20260205,034232,362_850_019_6F9_INT_PC_JE407542-N_05022026_034232_ARCHIVE
0.173225,0.144404,0.144610,0.110157,0.121928,0.116780,0.151842,0.154845,0.142014,0.109779,0.079669,0.034527,0.020800,-0.004330,0.005406,0.013916,0.013306,0.041486,0.042858,0.021845,0.015397,0.074058,0.075809,0.066692,0.043418,0.053357,0.015912,widthness,JE407542-N,MLX,362-850-019,20260205,034232,362_850_019_6F9_INT_PC_JE407542-N_05022026_034232_ARCHIVE
0.172687,0.147855,0.134820,0.125371,0.119550,0.117321,0.140421,0.155318,0.119860,0.099445,0.072494,0.033088,-0.048477,-0.003208,0.002385,0.011189,0.016157,0.013606,0.036578,0.019809,0.011174,0.078061,0.080642,0.066340,0.034366,0.036163,0.011112,widthness,JE407542-N,MLX,362-850-019,20260205,034232,362_850_019_6F9_INT_PC_JE407542-N_05022026_034232_ARCHIVE
0.171530,0.146093,0.140859,0.085288,0.114834,0.111784,0.133419,0.153636,0.123251,0.094480,0.065841,0.010388,0.008234,-0.017642,-0.002780,0.004822,0.010394,-0.045064,0.027440,0.010114,0.020112,0.082039,0.079755,0.060429,0.040004,-0.129101,0.000456,widthness,JE407542-N,MLX,362-850-019,20260205,034232,362_850_019_6F9_INT_PC_JE407542-N_05022026_034232_ARCHIVE
0.176328,0.145904,0.136802,0.117451,0.111932,0.107510,0.141454,0.155920,0.106374,0.089719,0.060032,0.024613,0.007722,-0.010345,-0.005241,-0.000642,-0.001800,-0.053047,0.014310,0.012937,0.006282,0.085066,0.077530,0.057415,0.042903,0.028559,-0.003082,widthness,JE407542-N,MLX,362-850-019,20260205,034232,362_850_019_6F9_INT_PC_JE407542-N_05022026_034232_ARCHIVE
0.178795,0.148616,0.131959,0.113245,0.109350,0.103398,0.139542,0.150475,0.126994,0.079491,0.050369,0.033760,0.002654,-0.023070,-0.006428,-0.005227,-0.004220,0.005549,0.024001,0.013373,0.017506,0.080144,0.076454,0.056931,0.027419,0.024292,0.001223,widthness,JE407542-N,MLX,362-850-019,20260205,034232,362_850_019_6F9_INT_PC_JE407542-N_05022026_034232_ARCHIVE
0.106895,0.136824,0.134031,0.114131,0.106153,0.100648,0.140305,0.152833,0.098143,0.077765,0.036563,0.019399,0.002771,-0.031001,-0.008088,-0.022189,-0.010254,0.015435,0.009126,0.003647,0.012900,0.083046,0.074379,0.054388,0.039788,0.032346,-0.015733,widthness,JE407542-N,MLX,362-850-019,20260205,034232,362_850_019_6F9_INT_PC_JE407542-N_05022026_034232_ARCHIVE
0.187826,0.138759,0.130152,0.107230,0.104327,0.096494,0.140982,0.151094,0.118961,0.068763,0.033649,0.012096,-0.004575,-0.032622,-0.017216,-0.022685,-0.017302,0.004695,-0.000240,0.000414,0.011817,0.077949,0.084604,0.056825,0.031439,0.013002,-0.009586,widthness,JE407542-N,MLX,362-850-019,20260205,034232,362_850_019_6F9_INT_PC_JE407542-N_05022026_034232_ARCHIVE
0.183147,0.139318,0.129494,0.107322,0.104590,0.090243,0.138380,0.147137,0.111147,0.050215,0.032636,0.013976,-0.203302,-0.046499,-0.021785,-0.027102,-0.025595,-0.002591,-0.001716,-0.009909,0.007120,0.084972,0.078254,0.050848,0.029595,0.007794,-0.022210,widthness,JE407542-N,MLX,362-850-019,20260205,034232,362_850_019_6F9_INT_PC_JE407542-N_05022026_034232_ARCHIVE
0.186963,0.132888,0.123717,0.104930,0.104292,0.090973,0.130446,0.140015,0.102720,0.045483,0.022301,0.015388,-0.000168,-0.035577,-0.032259,-0.028576,-0.107350,-0.005537,-0.030702,-0.011814,-0.006339,0.084711,0.079636,0.045823,0.040757,0.008698,-0.036086,widthness,JE407542-N,MLX,362-850-019,20260205,034232,362_850_019_6F9_INT_PC_JE407542-N_05022026_034232_ARCHIVE
0.196941,0.130684,0.126210,0.103739,0.104082,0.087515,0.125871,0.139213,0.094378,0.036327,0.005887,0.002044,-0.004508,-0.045176,-0.037482,-0.039536,-0.037397,-0.010093,-0.017380,-0.009521,-0.000845,0.089776,0.082115,0.042534,0.036526,-0.264336,-0.047216,widthness,JE407542-N,MLX,362-850-019,20260205,034232,362_850_019_6F9_INT_PC_JE407542-N_05022026_034232_ARCHIVE
0.189872,0.127615,0.125093,0.098768,0.103299,0.086551,0.124308,0.131650,0.086414,0.028157,-0.001362,-0.003030,-0.011104,-0.054262,-0.048424,-0.038570,-0.036621,-0.018151,-0.022936,-0.046823,-0.004674,0.089464,0.079879,0.048742,0.034095,-0.011994,-0.058470,widthness,JE407542-N,MLX,362-850-019,20260205,034232,362_850_019_6F9_INT_PC_JE407542-N_05022026_034232_ARCHIVE
0.189034,0.133994,0.117613,0.097577,0.102357,0.089900,0.120803,0.119571,0.077452,0.022070,-0.010493,-0.006460,-0.024116,-0.052887,-0.057006,-0.058147,-0.042686,-0.031618,-0.035975,-0.026596,-0.011453,0.091563,0.044855,0.044075,0.027692,-0.007861,-0.070818,widthness,JE407542-N,MLX,362-850-019,20260205,034232,362_850_019_6F9_INT_PC_JE407542-N_05022026_034232_ARCHIVE
0.175828,0.130322,0.112926,0.099065,0.098228,0.088786,0.124757,0.125177,0.072157,0.015131,-0.019256,-0.011358,-0.037555,-0.064516,-0.061616,-0.052763,-0.048403,-0.036936,-0.027789,-0.037796,-0.009357,0.094009,0.078021,0.039878,0.027250,-0.090429,-0.080189,widthness,JE407542-N,MLX,362-850-019,20260205,034232,362_850_019_6F9_INT_PC_JE407542-N_05022026_034232_ARCHIVE
0.186571,0.129536,0.113278,0.099454,0.095574,0.087040,0.121328,0.121219,0.072119,0.004621,-0.023177,-0.030456,-0.026615,-0.053153,-0.066074,-0.071831,-0.056638,-0.034170,-0.035691,-0.035014,-0.012534,0.099136,0.078449,0.047977,0.016594,-0.056724,-0.106110,widthness,JE407542-N,MLX,362-850-019,20260205,034232,362_850_019_6F9_INT_PC_JE407542-N_05022026_034232_ARCHIVE
0.185740,0.121990,0.107552,0.096455,0.091045,0.076515,0.113575,0.121203,0.070454,-0.004461,-0.033928,-0.032717,-0.040292,-0.050073,-0.070142,-0.069524,-0.072910,-0.042193,-0.045405,-0.048500,-0.023931,0.102336,0.082940,0.042270,0.019547,-0.039186,-0.111483,widthness,JE407542-N,MLX,362-850-019,20260205,034232,362_850_019_6F9_INT_PC_JE407542-N_05022026_034232_ARCHIVE
0.166572,0.123723,0.111825,0.094830,0.091952,0.077674,0.118361,0.119986,0.064786,-0.014976,-0.040554,-0.047507,-0.087327,-0.059809,-0.070679,-0.066516,-0.075259,-0.063440,-0.048425,-0.050205,-0.026358,0.105712,0.084639,0.037749,0.018485,-0.044949,-0.122935,widthness,JE407542-N,MLX,362-850-019,20260205,034232,362_850_019_6F9_INT_PC_JE407542-N_05022026_034232_ARCHIVE
,0.115860,0.106459,0.087481,0.076594,0.072779,0.104396,0.121443,0.057339,-0.016415,-0.061256,-0.182942,-0.058403,-0.080163,-0.155998,-0.327786,-0.081707,-0.056607,-0.057929,-0.056792,-0.016956,0.103099,0.084360,0.033280,0.008656,-0.056375,,widthness,JE407542-N,MLX,362-850-019,20260205,034232,362_850_019_6F9_INT_PC_JE407542-N_05022026_034232_ARCHIVE
,,,,,0.067495,0.113157,0.117567,0.050353,-0.013014,-0.069945,-0.065080,-0.080285,-0.063086,-0.081389,-0.105195,-0.086224,-0.154666,-0.067863,-0.064964,-0.021170,0.110030,0.084167,0.038356,0.006625,-0.064176,,widthness,JE407542-N,MLX,362-850-019,20260205,034232,362_850_019_6F9_INT_PC_JE407542-N_05022026_034232_ARCHIVE
,,,,,,0.107347,0.114828,0.043367,-0.020279,-0.070748,-0.071524,-0.081324,-0.085885,-0.086448,-0.079556,-0.090673,-0.120225,-0.065351,-0.074548,-0.020090,0.111510,0.067424,0.024255,-0.001660,-0.068820,,widthness,JE407542-N,MLX,362-850-019,20260205,034232,362_850_019_6F9_INT_PC_JE407542-N_05022026_034232_ARCHIVE
,,,,,,0.108540,0.115697,0.051527,-0.030384,-0.072164,-0.076783,-0.086943,-0.070363,-0.089133,-0.079413,-0.099280,-0.068060,-0.068422,-0.076000,-0.016774,0.115727,0.079118,0.029719,-0.006747,-0.072760,,widthness,JE407542-N,MLX,362-850-019,20260205,034232,362_850_019_6F9_INT_PC_JE407542-N_05022026_034232_ARCHIVE
,,,,,,0.096557,0.115075,0.037737,-0.019561,-0.081026,-0.089693,-0.097633,-0.241677,-0.102454,-0.088197,-0.200123,-0.078814,-0.085340,,-0.024112,0.122604,0.085584,0.022364,-0.019958,-0.082339,,widthness,JE407542-N,MLX,362-850-019,20260205,034232,362_850_019_6F9_INT_PC_JE407542-N_05022026_034232_ARCHIVE
,,,,,,,0.107942,0.021674,-0.046168,-0.078820,-0.096815,-0.110066,-0.110038,-0.220519,-0.082200,-0.113394,-0.084538,-0.104137,,,0.097242,0.087549,0.019654,-0.022846,-0.090261,,widthness,JE407542-N,MLX,362-850-019,20260205,034232,362_850_019_6F9_INT_PC_JE407542-N_05022026_034232_ARCHIVE
,,,,,,,0.104743,0.017782,-0.045773,-0.095504,-0.098332,-0.126279,-0.092687,-0.118530,-0.103216,-0.114507,-0.102145,-0.100559,,,0.124446,0.086001,0.016709,-0.024592,-0.097000,,widthness,JE407542-N,MLX,362-850-019,20260205,034232,362_850_019_6F9_INT_PC_JE407542-N_05022026_034232_ARCHIVE
,,,,,,,,0.012811,-0.063968,-0.107292,-0.102558,-0.133267,-0.112520,-0.098295,-0.101999,-0.129804,-0.098138,-0.109920,,,0.137031,0.090487,0.022019,-0.036836,,,widthness,JE407542-N,MLX,362-850-019,20260205,034232,362_850_019_6F9_INT_PC_JE407542-N_05022026_034232_ARCHIVE
,,,,,,,,0.014529,-0.066346,-0.112874,-0.116642,-0.145371,-0.126871,-0.111161,-0.114795,-0.132764,-0.116956,-0.120436,,,0.137905,0.093325,0.025452,-0.037483,,,widthness,JE407542-N,MLX,362-850-019,20260205,034232,362_850_019_6F9_INT_PC_JE407542-N_05022026_034232_ARCHIVE
,,,,,,,,,-0.080071,-0.118956,-0.133942,-0.155475,-0.143000,-0.117508,-0.126889,-0.131604,-0.128996,-0.122054,,,0.135582,0.087348,0.025949,-0.037800,,,widthness,JE407542-N,MLX,362-850-019,20260205,034232,362_850_019_6F9_INT_PC_JE407542-N_05022026_034232_ARCHIVE
,,,,,,,,,-0.092464,-0.141451,-0.134779,-0.163407,-0.163025,-0.124497,-0.255235,-0.142407,-0.141883,,,,0.141611,0.043645,0.022939,-0.044627,,,widthness,JE407542-N,MLX,362-850-019,20260205,034232,362_850_019_6F9_INT_PC_JE407542-N_05022026_034232_ARCHIVE
,,,,,,,,,,-0.151052,-0.152735,-0.166886,-0.166451,-0.129316,-0.131762,-0.156867,-0.150120,,,,0.147419,0.057824,0.025607,-0.111852,,,widthness,JE407542-N,MLX,362-850-019,20260205,034232,362_850_019_6F9_INT_PC_JE407542-N_05022026_034232_ARCHIVE
,,,,,,,,,,-0.174732,-0.156679,-0.181704,-0.173173,-0.148411,-0.150424,-0.167344,-0.154009,,,,0.151612,0.089227,0.010492,-0.058914,,,widthness,JE407542-N,MLX,362-850-019,20260205,034232,362_850_019_6F9_INT_PC_JE407542-N_05022026_034232_ARCHIVE
,,,,,,,,,,,-0.170065,-0.190228,-0.180874,-0.145810,-0.145660,-0.173800,-0.162102,,,,0.155415,0.094865,0.019122,-0.060387,,,widthness,JE407542-N,MLX,362-850-019,20260205,034232,362_850_019_6F9_INT_PC_JE407542-N_05022026_034232_ARCHIVE
,,,,,,,,,,,-0.181107,-0.202227,-0.205355,-0.148596,-0.159295,-0.188504,-0.163047,,,,0.160379,0.098051,0.014401,,,,widthness,JE407542-N,MLX,362-850-019,20260205,034232,362_850_019_6F9_INT_PC_JE407542-N_05022026_034232_ARCHIVE
,,,,,,,,,,,-0.195355,-0.206575,-0.217372,-0.177958,-0.158234,-0.198217,-0.179317,,,,0.165456,0.092869,0.009891,,,,widthness,JE407542-N,MLX,362-850-019,20260205,034232,362_850_019_6F9_INT_PC_JE407542-N_05022026_034232_ARCHIVE
,,,,,,,,,,,,-0.223567,-0.227249,-0.187825,-0.194745,-0.218329,-0.184968,,,,0.170569,0.092834,0.013344,,,,widthness,JE407542-N,MLX,362-850-019,20260205,034232,362_850_019_6F9_INT_PC_JE407542-N_05022026_034232_ARCHIVE
,,,,,,,,,,,,-0.240190,-0.242630,-0.196960,-0.169720,-0.245977,-0.211400,,,,0.175628,0.093931,-0.001537,,,,widthness,JE407542-N,MLX,362-850-019,20260205,034232,362_850_019_6F9_INT_PC_JE407542-N_05022026_034232_ARCHIVE
,,,,,,,,,,,,-0.244096,-0.240120,-0.204820,-0.200269,-0.254486,,,,,,0.093779,-0.009461,,,,widthness,JE407542-N,MLX,362-850-019,20260205,034232,362_850_019_6F9_INT_PC_JE407542-N_05022026_034232_ARCHIVE
,,,,,,,,,,,,-0.261852,-0.260007,-0.213400,-0.199860,-0.256750,,,,,,0.097778,,,,,widthness,JE407542-N,MLX,362-850-019,20260205,034232,362_850_019_6F9_INT_PC_JE407542-N_05022026_034232_ARCHIVE
,,,,,,,,,,,,,-0.261416,-0.223677,-0.206401,-0.267803,,,,,,0.097087,,,,,widthness,JE407542-N,MLX,362-850-019,20260205,034232,362_850_019_6F9_INT_PC_JE407542-N_05022026_034232_ARCHIVE
,,,,,,,,,,,,,-0.266995,-0.252747,-0.236147,-0.279865,,,,,,0.102915,,,,,widthness,JE407542-N,MLX,362-850-019,20260205,034232,362_850_019_6F9_INT_PC_JE407542-N_05022026_034232_ARCHIVE
,,,,,,,,,,,,,-0.285980,-0.259698,-0.237752,-0.296544,,,,,,,,,,,widthness,JE407542-N,MLX,362-850-019,20260205,034232,362_850_019_6F9_INT_PC_JE407542-N_05022026_034232_ARCHIVE
,,,,,,,,,,,,,-0.285975,-0.270273,-0.279166,,,,,,,,,,,,widthness,JE407542-N,MLX,362-850-019,20260205,034232,362_850_019_6F9_INT_PC_JE407542-N_05022026_034232_ARCHIVE
,,,,,,,,,,,,,,-0.273817,-0.280285,,,,,,,,,,,,widthness,JE407542-N,MLX,362-850-019,20260205,034232,362_850_019_6F9_INT_PC_JE407542-N_05022026_034232_ARCHIVE
,,,,,,,,,,,,,,-0.279687,-0.303890,,,,,,,,,,,,widthness,JE407542-N,MLX,362-850-019,20260205,034232,362_850_019_6F9_INT_PC_JE407542-N_05022026_034232_ARCHIVE
,,,,,,,,,,,,,,-0.274549,-0.320621,,,,,,,,,,,,widthness,JE407542-N,MLX,362-850-019,20260205,034232,362_850_019_6F9_INT_PC_JE407542-N_05022026_034232_ARCHIVE
,,,,,,,,,,,,,,,-0.324329,,,,,,,,,,,,widthness,JE407542-N,MLX,362-850-019,20260205,034232,362_850_019_6F9_INT_PC_JE407542-N_05022026_034232_ARCHIVE
0.175175,0.093168,0.037781,-0.014428,-0.025062,-0.056036,-0.072328,-0.061192,-0.065445,-0.113493,-0.163584,-0.202169,-0.197260,-0.210036,-0.170840,-0.164914,-0.234023,-0.350184,-0.344022,-0.505812,-0.395974,-0.278830,-0.067677,0.066097,-0.084070,0.218768,0.189029,tangent,JE407542-N,MLX,362-850-019,20260205,034232,362_850_019_6F9_INT_PC_JE407542-N_05022026_034232_ARCHIVE
0.091323,0.139017,0.136530,0.003409,-0.017962,-0.076763,-0.088717,-0.073919,-0.108912,-0.121339,-0.159663,-0.210505,-0.185100,-0.093037,-0.158531,-0.030274,-0.101407,-0.222959,-0.571236,-0.514619,-0.497864,-0.412099,-0.344614,-0.186721,0.093619,0.042130,0.206138,tangent,JE407542-N,MLX,362-850-019,20260205,034232,362_850_019_6F9_INT_PC_JE407542-N_05022026_034232_ARCHIVE
0.088464,0.075341,0.015751,-0.045918,-0.052651,-0.096594,-0.018570,-0.040442,-0.104243,-0.116802,-0.140381,-0.185421,-0.208210,-0.250627,-0.283632,-0.306037,-0.351133,-0.438018,-0.464210,-0.563966,-0.436742,-0.236984,-0.123877,-0.016311,0.136221,0.190833,0.226785,tangent,JE407542-N,MLX,362-850-019,20260205,034232,362_850_019_6F9_INT_PC_JE407542-N_05022026_034232_ARCHIVE
0.072542,0.045811,0.049030,0.006815,-0.060592,-0.080376,-0.116056,-0.071417,-0.106588,-0.134025,-0.173333,-0.204031,-0.210716,-0.215528,-0.174292,-0.169480,-0.231142,-0.327978,-0.200599,-0.551236,-0.450205,-0.281716,0.154559,0.184523,0.007621,0.299165,0.241632,tangent,JE407542-N,MLX,362-850-019,20260205,034232,362_850_019_6F9_INT_PC_JE407542-N_05022026_034232_ARCHIVE
0.071611,0.074938,0.210261,-0.044336,-0.035478,-0.083524,-0.092457,-0.085267,-0.129723,-0.109166,-0.190633,-0.305042,-0.247181,-0.159081,-0.203342,-0.025217,-0.233276,-0.291580,-0.396435,-0.482187,-0.477873,-0.347282,-0.214059,-0.038739,-0.167763,0.190755,0.215539,tangent,JE407542-N,MLX,362-850-019,20260205,034232,362_850_019_6F9_INT_PC_JE407542-N_05022026_034232_ARCHIVE
0.132977,0.131546,0.079243,-0.033424,-0.059822,-0.105436,-0.087236,-0.099030,-0.123660,-0.157891,-0.203372,-0.090732,0.158707,0.184561,0.010186,0.292474,0.107713,-0.124162,-0.421831,-0.497815,-0.475782,-0.337634,-0.665750,-0.392699,0.120831,-0.048134,0.249076,tangent,JE407542-N,MLX,362-850-019,20260205,034232,362_850_019_6F9_INT_PC_JE407542-N_05022026_034232_ARCHIVE
0.048215,0.031871,-0.015601,-0.073181,-0.055066,-0.050248,-0.116253,-0.041968,-0.149051,-0.156409,-0.251719,0.009749,0.047713,-0.152586,0.011606,-0.040196,-0.151811,-0.330332,-0.461410,-0.523189,-0.452212,-0.236624,-0.213716,-0.074506,0.091470,0.167699,0.214167,tangent,JE407542-N,MLX,362-850-019,20260205,034232,362_850_019_6F9_INT_PC_JE407542-N_05022026_034232_ARCHIVE
0.040110,0.017122,-0.002718,-0.067564,-0.094666,-0.121752,-0.111360,-0.128740,-0.131730,-0.171966,-0.193271,-0.194875,-0.230597,-0.319276,-0.255930,-0.352695,-0.350669,-0.339234,-0.409045,-0.533979,-0.417773,-0.265006,0.101425,0.188357,0.228098,0.313584,0.193571,tangent,JE407542-N,MLX,362-850-019,20260205,034232,362_850_019_6F9_INT_PC_JE407542-N_05022026_034232_ARCHIVE
0.046467,0.057953,0.125377,-0.070290,-0.085160,-0.107514,-0.122609,-0.119857,-0.166339,-0.187694,-0.235499,-0.239619,-0.228511,-0.238927,-0.209951,-0.187721,-0.261373,-0.341979,-0.107913,-0.474701,-0.458855,-0.364062,-0.112191,0.005417,-0.058469,0.197905,0.202088,tangent,JE407542-N,MLX,362-850-019,20260205,034232,362_850_019_6F9_INT_PC_JE407542-N_05022026_034232_ARCHIVE
0.042621,0.067227,0.041773,-0.078473,-0.103429,-0.132986,-0.141644,-0.101125,-0.145472,-0.181270,-0.185138,-0.269782,-0.258070,-0.143058,-0.184637,0.060878,-0.122218,-0.201853,-0.451594,-0.448783,-0.455709,-0.302037,-0.269837,-0.085836,-0.006766,0.142744,0.244750,tangent,JE407542-N,MLX,362-850-019,20260205,034232,362_850_019_6F9_INT_PC_JE407542-N_05022026_034232_ARCHIVE
0.007739,-0.015588,-0.045366,-0.077448,-0.114432,-0.139199,-0.117808,-0.126326,-0.183628,-0.192236,-0.238056,-0.130514,0.059577,0.102998,-0.091665,0.056990,-0.147948,-0.316216,-0.446146,-0.515146,-0.379603,-0.115055,-0.429361,-0.241338,0.129251,0.072666,0.236352,tangent,JE407542-N,MLX,362-850-019,20260205,034232,362_850_019_6F9_INT_PC_JE407542-N_05022026_034232_ARCHIVE
0.006543,-0.015079,-0.041042,-0.104205,-0.115840,-0.118880,-0.154369,-0.121173,-0.158318,-0.176529,-0.235163,-0.091166,0.002542,-0.155482,-0.041606,-0.096880,-0.219215,-0.329452,-0.378666,-0.503143,-0.468539,-0.318596,-0.092842,0.035706,0.148454,0.226886,0.221731,tangent,JE407542-N,MLX,362-850-019,20260205,034232,362_850_019_6F9_INT_PC_JE407542-N_05022026_034232_ARCHIVE
0.047220,0.029172,-0.052478,-0.100241,-0.136438,-0.160801,-0.158628,-0.165410,-0.178898,-0.204771,-0.232807,-0.221208,-0.241727,-0.365643,-0.218316,-0.241121,-0.243997,-0.317936,-0.274585,-0.494950,-0.433679,-0.285682,-0.121142,0.001035,0.113514,0.189733,0.218223,tangent,JE407542-N,MLX,362-850-019,20260205,034232,362_850_019_6F9_INT_PC_JE407542-N_05022026_034232_ARCHIVE
0.001008,0.015682,-0.069238,-0.127232,-0.118751,-0.138462,-0.110720,-0.112663,-0.167039,-0.203643,-0.251420,-0.278611,-0.244559,-0.257292,-0.273205,-0.254089,-0.324767,-0.348276,-0.315788,-0.424819,-0.441861,-0.324151,-0.111656,0.019300,-0.096163,0.220505,0.211195,tangent,JE407542-N,MLX,362-850-019,20260205,034232,362_850_019_6F9_INT_PC_JE407542-N_05022026_034232_ARCHIVE
-0.005760,-0.072093,-0.073174,-0.097883,-0.144490,-0.178256,-0.187213,-0.171394,-0.176920,-0.226849,-0.208910,-0.264578,-0.273862,-0.152758,-0.204706,0.072057,-0.075171,-0.131772,-0.430105,-0.494426,-0.371038,-0.112157,-0.080691,0.062837,0.071547,0.226197,0.200445,tangent,JE407542-N,MLX,362-850-019,20260205,034232,362_850_019_6F9_INT_PC_JE407542-N_05022026_034232_ARCHIVE
-0.012347,-0.034394,-0.082008,-0.134106,-0.134068,-0.175667,-0.178991,-0.175266,-0.188899,-0.220083,-0.270396,-0.163954,-0.008108,0.028746,-0.048861,0.057560,-0.144673,-0.322894,-0.484139,-0.490889,-0.401484,-0.277511,-0.377404,-0.196257,0.142321,0.089310,0.195442,tangent,JE407542-N,MLX,362-850-019,20260205,034232,362_850_019_6F9_INT_PC_JE407542-N_05022026_034232_ARCHIVE
0.005342,-0.070011,-0.091141,-0.104812,-0.157917,-0.181078,-0.151753,-0.152971,-0.196882,-0.233775,-0.251296,-0.116203,-0.034601,-0.174197,-0.104838,-0.185662,-0.289820,-0.316922,-0.246798,-0.489623,-0.452660,-0.318794,-0.168163,0.001256,0.170067,0.216871,0.249086,tangent,JE407542-N,MLX,362-850-019,20260205,034232,362_850_019_6F9_INT_PC_JE407542-N_05022026_034232_ARCHIVE
-0.043725,-0.059360,-0.108538,-0.156613,-0.164535,-0.198887,-0.207679,-0.187701,-0.204460,-0.234020,-0.292749,-0.247376,-0.253898,-0.318744,-0.223815,-0.211443,-0.233505,-0.337470,-0.304776,-0.400456,-0.423182,-0.239585,-0.069225,0.039506,0.082365,0.215610,0.219912,tangent,JE407542-N,MLX,362-850-019,20260205,034232,362_850_019_6F9_INT_PC_JE407542-N_05022026_034232_ARCHIVE
-0.037094,-0.079457,-0.119578,-0.140651,-0.178563,-0.171007,-0.201881,-0.195868,-0.221548,-0.234952,-0.271931,-0.320761,-0.260951,-0.284603,-0.290249,-0.253202,-0.286632,-0.274769,-0.425639,-0.485638,-0.337217,-0.206866,0.086206,0.145456,-0.076969,0.239792,0.220144,tangent,JE407542-N,MLX,362-850-019,20260205,034232,362_850_019_6F9_INT_PC_JE407542-N_05022026_034232_ARCHIVE
-0.054390,-0.107076,-0.121669,-0.195870,-0.187940,-0.221219,-0.277184,-0.220085,-0.231312,-0.241264,-0.269798,-0.274345,-0.290379,-0.176559,-0.216519,0.041255,-0.049520,-0.243800,-0.399523,-0.437248,-0.402915,-0.328610,-0.252964,-0.129697,0.078643,0.046866,0.214311,tangent,JE407542-N,MLX,362-850-019,20260205,034232,362_850_019_6F9_INT_PC_JE407542-N_05022026_034232_ARCHIVE
-0.042691,-0.100808,-0.126195,-0.153401,-0.188534,-0.223346,-0.227591,-0.200317,-0.241205,-0.245811,-0.272014,-0.201077,-0.058376,-0.035511,-0.045923,0.030693,-0.176991,-0.325083,-0.427657,-0.498910,-0.402686,-0.274507,-0.348407,-0.145730,0.149776,0.154817,0.175482,tangent,JE407542-N,MLX,362-850-019,20260205,034232,362_850_019_6F9_INT_PC_JE407542-N_05022026_034232_ARCHIVE
-0.073483,-0.104421,-0.137541,-0.236061,-0.227664,-0.227997,-0.229776,-0.235145,-0.255003,-0.266644,-0.271044,-0.134047,-0.065413,-0.188494,-0.181249,-0.299717,-0.369157,-0.368406,-0.185122,-0.369671,-0.428239,-0.324049,-0.051680,0.106014,0.158421,0.328682,0.194139,tangent,JE407542-N,MLX,362-850-019,20260205,034232,362_850_019_6F9_INT_PC_JE407542-N_05022026_034232_ARCHIVE
-0.075498,-0.125723,-0.150643,-0.181193,-0.195163,-0.238401,-0.271274,-0.266254,-0.259219,-0.274445,-0.290891,-0.267743,-0.262620,-0.302730,-0.238199,-0.228966,-0.263165,-0.302767,-0.387981,-0.462639,-0.318145,-0.193786,0.011049,0.059713,0.079929,0.197635,0.145545,tangent,JE407542-N,MLX,362-850-019,20260205,034232,362_850_019_6F9_INT_PC_JE407542-N_05022026_034232_ARCHIVE
-0.084511,-0.114517,-0.168808,-0.217714,-0.218832,-0.231660,-0.254483,-0.211340,-0.265118,-0.281086,-0.296999,-0.307938,-0.276517,-0.320457,-0.256583,-0.184959,-0.207741,-0.145873,-0.471113,-0.410999,-0.373139,-0.312771,-0.108570,0.012791,-0.050405,0.185370,0.254467,tangent,JE407542-N,MLX,362-850-019,20260205,034232,362_850_019_6F9_INT_PC_JE407542-N_05022026_034232_ARCHIVE
-0.106002,-0.166991,-0.174523,-0.220522,-0.211439,-0.259549,-0.269425,-0.247577,-0.268849,-0.297928,-0.300552,-0.292536,-0.308231,-0.203768,-0.277819,-0.018057,-0.127354,-0.322516,-0.361926,-0.478233,-0.394575,-0.309605,-0.276378,-0.149694,0.118899,0.048250,0.209416,tangent,JE407542-N,MLX,362-850-019,20260205,034232,362_850_019_6F9_INT_PC_JE407542-N_05022026_034232_ARCHIVE
-0.095439,-0.137162,-0.179128,-0.217330,-0.233410,-0.254596,-0.266718,-0.244889,-0.315290,-0.286031,-0.311733,-0.252648,-0.094137,-0.042685,-0.231504,-0.021175,-0.228245,-0.317268,-0.225847,-0.365424,-0.401841,-0.211574,-0.155028,0.073397,0.190632,0.245684,0.214608,tangent,JE407542-N,MLX,362-850-019,20260205,034232,362_850_019_6F9_INT_PC_JE407542-N_05022026_034232_ARCHIVE
-0.115076,-0.166912,-0.187487,-0.272580,-0.255218,-0.276725,-0.283136,-0.345042,-0.283673,-0.307911,-0.295822,-0.169964,-0.085477,-0.213565,-0.180280,-0.250504,-0.288419,-0.347898,-0.355619,-0.444106,-0.315837,-0.373297,-0.057394,0.045592,0.141435,0.188298,0.187859,tangent,JE407542-N,MLX,362-850-019,20260205,034232,362_850_019_6F9_INT_PC_JE407542-N_05022026_034232_ARCHIVE
-0.104914,-0.161621,-0.199484,-0.234333,-0.251441,-0.275709,-0.273484,-0.274869,-0.326726,-0.285956,-0.319731,-0.307518,-0.268535,-0.304924,-0.265887,-0.282597,-0.312957,-0.243984,-0.393968,-0.394059,-0.360498,-0.220449,-0.098952,0.025928,0.060051,0.217221,0.203142,tangent,JE407542-N,MLX,362-850-019,20260205,034232,362_850_019_6F9_INT_PC_JE407542-N_05022026_034232_ARCHIVE
-0.119302,-0.173775,-0.210144,-0.246301,-0.262180,-0.277632,-0.291610,-0.290178,-0.299258,-0.325195,-0.341884,-0.310897,-0.284662,-0.368891,-0.235002,-0.152416,-0.163841,-0.241382,-0.483340,-0.472867,-0.343216,-0.292149,-0.087876,0.038608,0.020239,0.233138,0.205285,tangent,JE407542-N,MLX,362-850-019,20260205,034232,362_850_019_6F9_INT_PC_JE407542-N_05022026_034232_ARCHIVE
-0.141248,-0.189746,-0.229153,-0.283094,-0.322828,-0.321506,-0.332363,-0.297096,-0.300460,-0.319730,-0.334054,-0.317794,-0.317208,-0.239870,-0.336365,-0.016898,-0.186035,-0.380985,-0.261772,-0.373945,-0.399584,-0.266704,-0.108946,-0.090103,0.187410,0.110716,0.215297,tangent,JE407542-N,MLX,362-850-019,20260205,034232,362_850_019_6F9_INT_PC_JE407542-N_05022026_034232_ARCHIVE
-0.128836,-0.196740,-0.271202,-0.308249,-0.273638,-0.379077,-0.274210,-0.296406,-0.315544,-0.343633,-0.362136,-0.247619,-0.118925,-0.071899,-0.242712,-0.098064,-0.278348,-0.305813,-0.282802,-0.424962,-0.367324,-0.233995,-0.226457,-0.039142,0.131992,0.240082,0.271630,tangent,JE407542-N,MLX,362-850-019,20260205,034232,362_850_019_6F9_INT_PC_JE407542-N_05022026_034232_ARCHIVE
-0.143100,-0.168741,-0.236246,-0.245196,-0.271466,-0.326669,-0.318286,-0.317282,-0.326949,-0.345720,-0.321244,-0.208006,-0.111619,-0.250022,-0.173477,-0.228783,-0.254380,-0.302089,-0.455863,-0.394095,-0.270242,-0.333883,-0.100494,0.037563,0.142651,0.220646,0.159561,tangent,JE407542-N,MLX,362-850-019,20260205,034232,362_850_019_6F9_INT_PC_JE407542-N_05022026_034232_ARCHIVE
-0.162055,-0.221601,-0.264329,-0.282315,-0.297411,-0.297162,-0.319209,-0.323658,-0.314514,-0.336301,-0.350966,-0.363564,-0.279091,-0.316708,-0.317331,-0.358868,-0.343517,-0.190660,-0.387397,-0.433886,-0.298680,-0.218235,-0.021911,0.130429,0.044274,0.269305,0.243785,tangent,JE407542-N,MLX,362-850-019,20260205,034232,362_850_019_6F9_INT_PC_JE407542-N_05022026_034232_ARCHIVE
-0.165384,-0.262021,-0.340361,-0.291027,-0.315971,-0.340208,-0.382940,-0.323616,-0.335825,-0.363687,-0.337175,-0.333453,-0.294822,-0.376793,-0.252330,-0.151194,-0.120982,-0.298574,-0.352778,-0.384748,-0.352885,-0.275104,0.016695,0.060219,0.151174,0.029669,0.157243,tangent,JE407542-N,MLX,362-850-019,20260205,034232,362_850_019_6F9_INT_PC_JE407542-N_05022026_034232_ARCHIVE
-0.187306,-0.210192,-0.308119,-0.331569,-0.306040,-0.434795,-0.345104,-0.317111,-0.337274,-0.342925,-0.357876,-0.355542,-0.332629,-0.265858,-0.302596,0.059317,-0.199183,-0.323515,-0.236712,-0.395290,-0.342917,-0.205441,-0.119105,0.033522,0.158795,0.158953,0.214171,tangent,JE407542-N,MLX,362-850-019,20260205,034232,362_850_019_6F9_INT_PC_JE407542-N_05022026_034232_ARCHIVE
,-0.238908,-0.271167,-0.301932,-0.312719,-0.334438,-0.329572,-0.340682,-0.344729,-0.349241,-0.392733,-0.257304,-0.155495,-0.092243,-0.276229,-0.191485,-0.346280,-0.329108,-0.358046,-0.381023,-0.296058,-0.309381,-0.091040,0.055963,0.150142,0.286252,,tangent,JE407542-N,MLX,362-850-019,20260205,034232,362_850_019_6F9_INT_PC_JE407542-N_05022026_034232_ARCHIVE
,,,,,-0.339563,-0.346894,-0.349116,-0.332769,-0.373197,-0.359566,-0.250007,-0.131151,-0.281813,-0.194659,-0.237600,-0.269136,-0.275990,-0.461536,-0.407548,-0.291782,-0.294344,0.022474,0.179271,0.180600,0.191846,,tangent,JE407542-N,MLX,362-850-019,20260205,034232,362_850_019_6F9_INT_PC_JE407542-N_05022026_034232_ARCHIVE
,,,,,,-0.343748,-0.346384,-0.357205,-0.368394,-0.369856,-0.375460,-0.298329,-0.329428,-0.337225,-0.248870,-0.242264,-0.239917,-0.351628,-0.369911,-0.366801,-0.234381,-0.061357,-0.062442,0.154897,0.106833,,tangent,JE407542-N,MLX,362-850-019,20260205,034232,362_850_019_6F9_INT_PC_JE407542-N_05022026_034232_ARCHIVE
,,,,,,-0.347913,-0.347775,-0.362144,-0.385341,-0.356359,-0.363357,-0.323458,-0.339531,-0.266168,-0.223643,-0.189774,-0.401034,-0.184601,-0.390931,-0.324259,-0.195245,-0.139786,-0.002214,0.130704,0.221125,,tangent,JE407542-N,MLX,362-850-019,20260205,034232,362_850_019_6F9_INT_PC_JE407542-N_05022026_034232_ARCHIVE
,,,,,,-0.361271,-0.357647,-0.367045,-0.372332,-0.385465,-0.366720,-0.333497,-0.327933,-0.294066,-0.089894,-0.345691,-0.528530,-0.354109,,-0.248239,-0.392599,-0.058378,0.087099,0.168395,0.289399,,tangent,JE407542-N,MLX,362-850-019,20260205,034232,362_850_019_6F9_INT_PC_JE407542-N_05022026_034232_ARCHIVE
,,,,,,,-0.366897,-0.374793,-0.392208,-0.376606,-0.284731,-0.184025,-0.115910,-0.309875,-0.177407,-0.284482,-0.353670,-0.370754,,,-0.239578,0.095588,0.079922,0.154781,0.070105,,tangent,JE407542-N,MLX,362-850-019,20260205,034232,362_850_019_6F9_INT_PC_JE407542-N_05022026_034232_ARCHIVE
,,,,,,,-0.382348,-0.377476,-0.373004,-0.391880,-0.307054,-0.140261,-0.299638,-0.213371,-0.262139,-0.288660,-0.178640,-0.390382,,,-0.227038,-0.148892,-0.118328,0.156324,0.180099,,tangent,JE407542-N,MLX,362-850-019,20260205,034232,362_850_019_6F9_INT_PC_JE407542-N_05022026_034232_ARCHIVE
,,,,,,,,-0.395436,-0.395504,-0.398352,-0.371514,-0.291328,-0.429795,-0.305087,-0.262453,-0.214952,-0.311020,-0.303026,,,-0.209009,-0.096133,0.028894,0.237306,,,tangent,JE407542-N,MLX,362-850-019,20260205,034232,362_850_019_6F9_INT_PC_JE407542-N_05022026_034232_ARCHIVE
,,,,,,,,-0.387033,-0.380263,-0.379022,-0.367615,-0.369653,-0.348408,-0.371902,-0.188130,-0.253867,-0.467020,-0.258847,,,-0.418189,-0.041192,0.143475,0.113859,,,tangent,JE407542-N,MLX,362-850-019,20260205,034232,362_850_019_6F9_INT_PC_JE407542-N_05022026_034232_ARCHIVE
,,,,,,,,,-0.408668,-0.399139,-0.376491,-0.392414,-0.314273,-0.523898,0.006360,-0.332172,-0.361658,-0.364888,,,-0.238391,0.013214,-0.020143,0.154918,,,tangent,JE407542-N,MLX,362-850-019,20260205,034232,362_850_019_6F9_INT_PC_JE407542-N_05022026_034232_ARCHIVE
,,,,,,,,,-0.399781,-0.408892,-0.289601,-0.221615,-0.277841,-0.338161,-0.199536,-0.266832,-0.267984,,,,-0.217923,-0.165111,-0.019203,0.173967,,,tangent,JE407542-N,MLX,362-850-019,20260205,034232,362_850_019_6F9_INT_PC_JE407542-N_05022026_034232_ARCHIVE
,,,,,,,,,,-0.412934,-0.311883,-0.179647,-0.290668,-0.243246,-0.332409,-0.313734,-0.261403,,,,-0.246418,-0.074122,0.066470,0.182537,,,tangent,JE407542-N,MLX,362-850-019,20260205,034232,362_850_019_6F9_INT_PC_JE407542-N_05022026_034232_ARCHIVE
,,,,,,,,,,-0.431354,-0.389350,-0.306772,-0.348364,-0.332642,-0.259113,-0.350588,-0.479465,,,,-0.404315,0.014811,0.137147,0.142577,,,tangent,JE407542-N,MLX,362-850-019,20260205,034232,362_850_019_6F9_INT_PC_JE407542-N_05022026_034232_ARCHIVE
,,,,,,,,,,,-0.397437,-0.427701,-0.420208,-0.392283,-0.130217,-0.220758,-0.341219,,,,-0.237148,-0.074950,-0.114581,0.135228,,,tangent,JE407542-N,MLX,362-850-019,20260205,034232,362_850_019_6F9_INT_PC_JE407542-N_05022026_034232_ARCHIVE
,,,,,,,,,,,-0.398695,-0.345705,-0.410343,-0.527874,-0.116685,-0.281077,-0.314874,,,,-0.207483,-0.116773,0.030902,,,,tangent,JE407542-N,MLX,362-850-019,20260205,034232,362_850_019_6F9_INT_PC_JE407542-N_05022026_034232_ARCHIVE
,,,,,,,,,,,-0.316105,-0.260923,-0.189034,-0.352332,-0.220621,-0.358066,-0.226311,,,,-0.281183,-0.070948,0.158855,,,,tangent,JE407542-N,MLX,362-850-019,20260205,034232,362_850_019_6F9_INT_PC_JE407542-N_05022026_034232_ARCHIVE
,,,,,,,,,,,,-0.178800,-0.296406,-0.273010,-0.289262,-0.370412,-0.462778,,,,-0.353516,0.062177,0.019108,,,,tangent,JE407542-N,MLX,362-850-019,20260205,034232,362_850_019_6F9_INT_PC_JE407542-N_05022026_034232_ARCHIVE
,,,,,,,,,,,,-0.359622,-0.497679,-0.373150,-0.337329,-0.144335,-0.357058,,,,-0.238422,-0.166409,0.005047,,,,tangent,JE407542-N,MLX,362-850-019,20260205,034232,362_850_019_6F9_INT_PC_JE407542-N_05022026_034232_ARCHIVE
,,,,,,,,,,,,-0.417403,-0.406655,-0.466910,-0.123432,-0.268123,,,,,,-0.091658,0.034611,,,,tangent,JE407542-N,MLX,362-850-019,20260205,034232,362_850_019_6F9_INT_PC_JE407542-N_05022026_034232_ARCHIVE
,,,,,,,,,,,,-0.371981,-0.345798,-0.533512,-0.107401,-0.436998,,,,,,-0.049983,,,,,tangent,JE407542-N,MLX,362-850-019,20260205,034232,362_850_019_6F9_INT_PC_JE407542-N_05022026_034232_ARCHIVE
,,,,,,,,,,,,,-0.228825,-0.362372,-0.332822,-0.352332,,,,,,0.004280,,,,,tangent,JE407542-N,MLX,362-850-019,20260205,034232,362_850_019_6F9_INT_PC_JE407542-N_05022026_034232_ARCHIVE
,,,,,,,,,,,,,-0.294344,-0.304756,-0.314684,-0.256067,,,,,,-0.143196,,,,,tangent,JE407542-N,MLX,362-850-019,20260205,034232,362_850_019_6F9_INT_PC_JE407542-N_05022026_034232_ARCHIVE
,,,,,,,,,,,,,-0.400456,-0.382176,-0.272079,-0.209583,,,,,,,,,,,tangent,JE407542-N,MLX,362-850-019,20260205,034232,362_850_019_6F9_INT_PC_JE407542-N_05022026_034232_ARCHIVE
,,,,,,,,,,,,,-0.396004,-0.433672,-0.193191,,,,,,,,,,,,tangent,JE407542-N,MLX,362-850-019,20260205,034232,362_850_019_6F9_INT_PC_JE407542-N_05022026_034232_ARCHIVE
,,,,,,,,,,,,,,-0.538197,-0.150071,,,,,,,,,,,,tangent,JE407542-N,MLX,362-850-019,20260205,034232,362_850_019_6F9_INT_PC_JE407542-N_05022026_034232_ARCHIVE
,,,,,,,,,,,,,,-0.375026,-0.286101,,,,,,,,,,,,tangent,JE407542-N,MLX,362-850-019,20260205,034232,362_850_019_6F9_INT_PC_JE407542-N_05022026_034232_ARCHIVE
,,,,,,,,,,,,,,-0.318001,-0.380378,,,,,,,,,,,,tangent,JE407542-N,MLX,362-850-019,20260205,034232,362_850_019_6F9_INT_PC_JE407542-N_05022026_034232_ARCHIVE
,,,,,,,,,,,,,,,-0.277188,,,,,,,,,,,,tangent,JE407542-N,MLX,362-850-019,20260205,034232,362_850_019_6F9_INT_PC_JE407542-N_05022026_034232_ARCHIVE
0.231534,-0.002072,0.043000,0.132784,0.186220,0.309466,0.462053,0.536375,0.663003,0.769026,0.852715,0.900722,0.972162,0.928575,0.813178,0.530058,0.237777,0.045486,0.071589,0.201461,0.568985,0.851351,1.212065,1.347916,1.459679,1.525232,1.608390,chords,JE407542-N,MLX,362-850-019,20260205,034232,362_850_019_6F9_INT_PC_JE407542-N_05022026_034232_ARCHIVE
0.196560,0.017674,0.083849,0.139719,0.189440,0.300695,0.456095,0.532261,0.647068,0.766488,0.853776,0.898329,0.974947,0.949940,0.815736,0.551436,0.253406,0.063058,0.045634,0.198709,0.566100,0.845428,1.201692,1.338821,1.462383,1.526802,1.607706,chords,JE407542-N,MLX,362-850-019,20260205,034232,362_850_019_6F9_INT_PC_JE407542-N_05022026_034232_ARCHIVE
0.195240,-0.009749,0.033887,0.117731,0.173708,0.292304,0.481597,0.543447,0.648780,0.767956,0.858995,0.905530,0.969654,0.921163,0.789734,0.507651,0.220836,0.032545,0.061085,0.194203,0.567225,0.853210,1.211598,1.346421,1.463032,1.525480,1.606880,chords,JE407542-N,MLX,362-850-019,20260205,034232,362_850_019_6F9_INT_PC_JE407542-N_05022026_034232_ARCHIVE
0.187890,-0.022467,0.047653,0.139239,0.170107,0.299166,0.446156,0.533439,0.647920,0.762383,0.850076,0.900188,0.969081,0.927572,0.812460,0.529333,0.238116,0.048758,0.084123,0.195207,0.566977,0.851222,1.212140,1.340895,1.461074,1.524518,1.606286,chords,JE407542-N,MLX,362-850-019,20260205,034232,362_850_019_6F9_INT_PC_JE407542-N_05022026_034232_ARCHIVE
0.187460,-0.009923,0.114349,0.119086,0.181496,0.297834,0.454735,0.528964,0.639438,0.770426,0.845394,0.871190,0.960729,0.937880,0.806422,0.552239,0.237865,0.054121,0.067008,0.200654,0.566468,0.848309,1.211422,1.345420,1.458405,1.525481,1.607330,chords,JE407542-N,MLX,362-850-019,20260205,034232,362_850_019_6F9_INT_PC_JE407542-N_05022026_034232_ARCHIVE
0.214484,0.014456,0.060151,0.123385,0.170565,0.288562,0.456634,0.524518,0.641661,0.754662,0.841946,0.928645,1.047544,1.000631,0.843419,0.588155,0.278052,0.075516,0.064789,0.199421,0.566506,0.848737,1.184403,1.329636,1.462797,1.527604,1.605988,chords,JE407542-N,MLX,362-850-019,20260205,034232,362_850_019_6F9_INT_PC_JE407542-N_05022026_034232_ARCHIVE
0.177661,-0.028470,0.020918,0.107721,0.175166,0.311915,0.446084,0.542954,0.632352,0.755141,0.828861,0.949487,1.028269,0.939066,0.843734,0.549861,0.247466,0.048411,0.061330,0.197420,0.566940,0.853226,1.211423,1.343825,1.462351,1.525686,1.607385,chords,JE407542-N,MLX,362-850-019,20260205,034232,362_850_019_6F9_INT_PC_JE407542-N_05022026_034232_ARCHIVE
0.175807,-0.034822,0.026247,0.109934,0.159851,0.281658,0.447863,0.514919,0.639199,0.750108,0.844680,0.902816,0.964527,0.908627,0.795492,0.500242,0.224029,0.047099,0.065906,0.196568,0.567575,0.851965,1.212037,1.343041,1.464430,1.524389,1.608209,chords,JE407542-N,MLX,362-850-019,20260205,034232,362_850_019_6F9_INT_PC_JE407542-N_05022026_034232_ARCHIVE
0.180861,-0.017237,0.079235,0.108860,0.167477,0.287683,0.443774,0.517789,0.628675,0.745020,0.833251,0.889971,0.965005,0.923299,0.805048,0.526437,0.234553,0.046695,0.092224,0.201244,0.566818,0.847563,1.211621,1.347390,1.460068,1.525418,1.607868,chords,JE407542-N,MLX,362-850-019,20260205,034232,362_850_019_6F9_INT_PC_JE407542-N_05022026_034232_ARCHIVE
0.179405,-0.013244,0.044651,0.105636,0.162973,0.276905,0.436853,0.523841,0.639150,0.747098,0.846881,0.881756,0.958235,0.940806,0.810310,0.565910,0.250953,0.067341,0.062187,0.203289,0.566876,0.850319,1.211313,1.343320,1.460855,1.525908,1.606161,chords,JE407542-N,MLX,362-850-019,20260205,034232,362_850_019_6F9_INT_PC_JE407542-N_05022026_034232_ARCHIVE
0.166200,-0.048909,0.008605,0.106040,0.158892,0.274276,0.445519,0.515699,0.628403,0.743550,0.832559,0.917939,1.030986,0.985737,0.829107,0.565292,0.247921,0.050491,0.062664,0.198054,0.568277,0.858629,1.206335,1.336386,1.462926,1.526531,1.606497,chords,JE407542-N,MLX,362-850-019,20260205,034232,362_850_019_6F9_INT_PC_JE407542-N_05022026_034232_ARCHIVE
0.165748,-0.048690,0.010393,0.095498,0.158370,0.283731,0.432227,0.517364,0.636270,0.748632,0.833342,0.926283,1.017923,0.938537,0.835115,0.540861,0.239522,0.048541,0.068561,0.199001,0.566640,0.849584,1.211658,1.348308,1.463218,1.525160,1.607082,chords,JE407542-N,MLX,362-850-019,20260205,034232,362_850_019_6F9_INT_PC_JE407542-N_05022026_034232_ARCHIVE
0.181146,-0.029632,0.005663,0.097060,0.150731,0.270661,0.430679,0.503071,0.630335,0.739495,0.833980,0.898706,0.961978,0.900160,0.803310,0.517958,0.236601,0.050237,0.077657,0.199647,0.567282,0.851046,1.211603,1.347194,1.462686,1.525490,1.607222,chords,JE407542-N,MLX,362-850-019,20260205,034232,362_850_019_6F9_INT_PC_JE407542-N_05022026_034232_ARCHIVE
0.163652,-0.035442,-0.001270,0.086426,0.157290,0.282031,0.448096,0.520113,0.633755,0.739860,0.828942,0.885262,0.961329,0.919946,0.791901,0.515899,0.227082,0.045767,0.074056,0.205179,0.567131,0.849337,1.211622,1.348009,1.459495,1.525217,1.607504,chords,JE407542-N,MLX,362-850-019,20260205,034232,362_850_019_6F9_INT_PC_JE407542-N_05022026_034232_ARCHIVE
0.161090,-0.073243,-0.002899,0.097989,0.147744,0.268414,0.420287,0.501138,0.630905,0.732352,0.840448,0.889509,0.954618,0.939034,0.806139,0.567685,0.256498,0.077667,0.064065,0.199688,0.568435,0.858758,1.211682,1.348396,1.462047,1.525166,1.607934,chords,JE407542-N,MLX,362-850-019,20260205,034232,362_850_019_6F9_INT_PC_JE407542-N_05022026_034232_ARCHIVE
0.158597,-0.057008,-0.006553,0.083717,0.151610,0.269300,0.423276,0.499887,0.627450,0.734541,0.823806,0.910847,1.015484,0.972178,0.831722,0.565383,0.248307,0.049507,0.059343,0.199968,0.567875,0.851409,1.211104,1.338396,1.463125,1.526383,1.608134,chords,JE407542-N,MLX,362-850-019,20260205,034232,362_850_019_6F9_INT_PC_JE407542-N_05022026_034232_ARCHIVE
0.165293,-0.070509,-0.010331,0.095259,0.142764,0.267448,0.433179,0.507090,0.625148,0.730111,0.828976,0.920973,1.009416,0.935119,0.824157,0.526764,0.231201,0.050387,0.080086,0.200067,0.566932,0.849575,1.211511,1.347204,1.463547,1.525249,1.605988,chords,JE407542-N,MLX,362-850-019,20260205,034232,362_850_019_6F9_INT_PC_JE407542-N_05022026_034232_ARCHIVE
0.146718,-0.061160,-0.017527,0.074850,0.140310,0.261355,0.414994,0.495869,0.622962,0.730032,0.817757,0.893157,0.959191,0.908724,0.805308,0.522670,0.237838,0.047359,0.075019,0.207101,0.567475,0.853095,1.211704,1.348910,1.462212,1.525260,1.607155,chords,JE407542-N,MLX,362-850-019,20260205,034232,362_850_019_6F9_INT_PC_JE407542-N_05022026_034232_ARCHIVE
0.149229,-0.064759,-0.022094,0.081138,0.135107,0.270895,0.421323,0.493231,0.618033,0.729730,0.823391,0.877595,0.957575,0.914958,0.793004,0.516040,0.231576,0.056598,0.064456,0.200382,0.569058,0.854549,1.212007,1.347686,1.459787,1.525045,1.607146,chords,JE407542-N,MLX,362-850-019,20260205,034232,362_850_019_6F9_INT_PC_JE407542-N_05022026_034232_ARCHIVE
0.142681,-0.072043,-0.022959,0.059383,0.131629,0.253713,0.398733,0.485407,0.615217,0.729522,0.823968,0.887438,0.950835,0.934688,0.809063,0.562794,0.259521,0.061161,0.066738,0.204199,0.567848,0.849138,1.211346,1.341364,1.462155,1.526760,1.607379,chords,JE407542-N,MLX,362-850-019,20260205,034232,362_850_019_6F9_INT_PC_JE407542-N_05022026_034232_ARCHIVE
0.147110,-0.069854,-0.022042,0.076115,0.131409,0.252985,0.420772,0.491793,0.612364,0.731223,0.823369,0.902975,1.003971,0.960444,0.832119,0.561117,0.244498,0.049184,0.064279,0.199335,0.567852,0.851543,1.211160,1.340649,1.463238,1.525801,1.608932,chords,JE407542-N,MLX,362-850-019,20260205,034232,362_850_019_6F9_INT_PC_JE407542-N_05022026_034232_ARCHIVE
0.135454,-0.071116,-0.021648,0.043548,0.116897,0.251393,0.420148,0.480541,0.608384,0.728051,0.823631,0.917189,1.002359,0.932509,0.813830,0.508654,0.221850,0.042801,0.085476,0.209530,0.567382,0.849341,1.211738,1.349993,1.463370,1.524255,1.608186,chords,JE407542-N,MLX,362-850-019,20260205,034232,362_850_019_6F9_INT_PC_JE407542-N_05022026_034232_ARCHIVE
0.134691,-0.078557,-0.021630,0.065165,0.128951,0.247833,0.408301,0.470490,0.607168,0.728266,0.818259,0.888838,0.957193,0.911648,0.806133,0.519888,0.234342,0.052472,0.067747,0.202196,0.569409,0.855130,1.211861,1.349811,1.462175,1.525420,1.610130,chords,JE407542-N,MLX,362-850-019,20260205,034232,362_850_019_6F9_INT_PC_JE407542-N_05022026_034232_ARCHIVE
0.131279,-0.074642,-0.024628,0.050776,0.120172,0.250140,0.413094,0.488232,0.605467,0.726625,0.816606,0.880315,0.954010,0.908411,0.803649,0.526875,0.240874,0.073012,0.060482,0.206269,0.568396,0.849842,1.211628,1.347718,1.460191,1.525529,1.605772,chords,JE407542-N,MLX,362-850-019,20260205,034232,362_850_019_6F9_INT_PC_JE407542-N_05022026_034232_ARCHIVE
0.123143,-0.092972,-0.026532,0.049670,0.122914,0.240597,0.408828,0.476524,0.604391,0.722462,0.815645,0.883581,0.946747,0.929720,0.800779,0.553376,0.250348,0.049563,0.070024,0.200966,0.568002,0.849983,1.211301,1.340472,1.462768,1.526748,1.607575,chords,JE407542-N,MLX,362-850-019,20260205,034232,362_850_019_6F9_INT_PC_JE407542-N_05022026_034232_ARCHIVE
0.127142,-0.082552,-0.028067,0.050928,0.114765,0.242292,0.409601,0.477393,0.590996,0.725402,0.812618,0.892039,0.995781,0.959134,0.807038,0.552881,0.238458,0.050336,0.081917,0.209865,0.567868,0.854340,1.211537,1.350421,1.463860,1.524993,1.607367,chords,JE407542-N,MLX,362-850-019,20260205,034232,362_850_019_6F9_INT_PC_JE407542-N_05022026_034232_ARCHIVE
0.119708,-0.092944,-0.030852,0.034566,0.106677,0.234719,0.404914,0.445034,0.600115,0.719995,0.816925,0.909573,0.997764,0.927930,0.813961,0.516468,0.231366,0.045823,0.070575,0.203658,0.569451,0.847153,1.211727,1.349181,1.463111,1.525503,1.608437,chords,JE407542-N,MLX,362-850-019,20260205,034232,362_850_019_6F9_INT_PC_JE407542-N_05022026_034232_ARCHIVE
0.123555,-0.091096,-0.034849,0.055379,0.108078,0.235067,0.407669,0.467706,0.587698,0.725421,0.810454,0.880404,0.955838,0.911248,0.802391,0.511372,0.228474,0.060925,0.067224,0.207606,0.568629,0.853945,1.211646,1.348304,1.461872,1.525246,1.607826,chords,JE407542-N,MLX,362-850-019,20260205,034232,362_850_019_6F9_INT_PC_JE407542-N_05022026_034232_ARCHIVE
0.118108,-0.095342,-0.038401,0.056110,0.104095,0.234409,0.402495,0.465144,0.595620,0.715723,0.804458,0.879687,0.952145,0.899567,0.806565,0.532043,0.246048,0.059477,0.059413,0.201389,0.568947,0.850759,1.211668,1.348870,1.461266,1.525104,1.607740,chords,JE407542-N,MLX,362-850-019,20260205,034232,362_850_019_6F9_INT_PC_JE407542-N_05022026_034232_ARCHIVE
0.109801,-0.100920,-0.044735,0.044560,0.081602,0.219396,0.390860,0.466990,0.595273,0.717073,0.806577,0.878225,0.944691,0.923127,0.792866,0.553560,0.243432,0.040948,0.078777,0.209192,0.567909,0.851890,1.211627,1.343130,1.463811,1.526192,1.607340,chords,JE407542-N,MLX,362-850-019,20260205,034232,362_850_019_6F9_INT_PC_JE407542-N_05022026_034232_ARCHIVE
0.114499,-0.103364,-0.058746,0.036648,0.099846,0.199696,0.407462,0.471748,0.590923,0.711165,0.798977,0.893106,0.990103,0.953800,0.805523,0.540673,0.232553,0.051378,0.076939,0.205168,0.568503,0.853343,1.211398,1.345402,1.462967,1.525043,1.605086,chords,JE407542-N,MLX,362-850-019,20260205,034232,362_850_019_6F9_INT_PC_JE407542-N_05022026_034232_ARCHIVE
0.109099,-0.093583,-0.047099,0.056479,0.100652,0.217629,0.394879,0.469320,0.587633,0.710649,0.810044,0.901506,0.991777,0.921273,0.814880,0.519917,0.235378,0.050244,0.061814,0.207603,0.570291,0.848904,1.211643,1.348823,1.463130,1.525215,1.609569,chords,JE407542-N,MLX,362-850-019,20260205,034232,362_850_019_6F9_INT_PC_JE407542-N_05022026_034232_ARCHIVE
0.101924,-0.112048,-0.056456,0.044805,0.094301,0.227726,0.394615,0.471778,0.591220,0.712977,0.802000,0.868519,0.953421,0.909096,0.795439,0.499262,0.224872,0.057916,0.067798,0.204464,0.569767,0.854044,1.211797,1.352964,1.461632,1.524783,1.606200,chords,JE407542-N,MLX,362-850-019,20260205,034232,362_850_019_6F9_INT_PC_JE407542-N_05022026_034232_ARCHIVE
0.100664,-0.126167,-0.081790,0.042064,0.092200,0.212996,0.376421,0.472345,0.585073,0.706209,0.805733,0.874904,0.950027,0.898124,0.804223,0.532237,0.251099,0.049732,0.070824,0.208340,0.568769,0.851516,1.211872,1.349833,1.463259,1.526913,1.609662,chords,JE407542-N,MLX,362-850-019,20260205,034232,362_850_019_6F9_INT_PC_JE407542-N_05022026_034232_ARCHIVE
0.092365,-0.108063,-0.071047,0.029314,0.100754,0.180630,0.387223,0.473950,0.584655,0.711340,0.800130,0.870220,0.944243,0.918382,0.797430,0.565662,0.241883,0.047841,0.080967,0.207509,0.568953,0.854612,1.211607,1.348643,1.463375,1.525764,1.607385,chords,JE407542-N,MLX,362-850-019,20260205,034232,362_850_019_6F9_INT_PC_JE407542-N_05022026_034232_ARCHIVE
,-0.118093,-0.058734,0.038635,0.103052,0.214970,0.391657,0.468134,0.582505,0.709779,0.790696,0.891052,0.982398,0.950085,0.800994,0.525839,0.224547,0.047417,0.070363,0.208634,0.569816,0.849993,1.211662,1.349644,1.463244,1.524632,,chords,JE407542-N,MLX,362-850-019,20260205,034232,362_850_019_6F9_INT_PC_JE407542-N_05022026_034232_ARCHIVE
,,,,,0.213217,0.386712,0.466053,0.585955,0.703858,0.799673,0.892599,0.986191,0.915468,0.812018,0.518517,0.233638,0.051445,0.061319,0.206542,0.569894,0.850661,1.211883,1.355142,1.463707,1.525471,,chords,JE407542-N,MLX,362-850-019,20260205,034232,362_850_019_6F9_INT_PC_JE407542-N_05022026_034232_ARCHIVE
,,,,,,0.387610,0.466727,0.578907,0.705045,0.796888,0.865996,0.960146,0.906773,0.792750,0.516728,0.236805,0.054181,0.070924,0.209511,0.568513,0.853326,1.211720,1.344363,1.463316,1.526227,,chords,JE407542-N,MLX,362-850-019,20260205,034232,362_850_019_6F9_INT_PC_JE407542-N_05022026_034232_ARCHIVE
,,,,,,0.386421,0.466384,0.577482,0.700857,0.800540,0.868563,0.956231,0.904928,0.802353,0.520733,0.242992,0.041962,0.085522,0.207853,0.569296,0.855065,1.211567,1.347049,1.462948,1.525211,,chords,JE407542-N,MLX,362-850-019,20260205,034232,362_850_019_6F9_INT_PC_JE407542-N_05022026_034232_ARCHIVE
,,,,,,0.382607,0.463948,0.576069,0.704072,0.792663,0.867850,0.954667,0.907046,0.798583,0.541970,0.224616,0.032294,0.070707,,0.570696,0.846295,1.211725,1.351032,1.463521,1.524604,,chords,JE407542-N,MLX,362-850-019,20260205,034232,362_850_019_6F9_INT_PC_JE407542-N_05022026_034232_ARCHIVE
,,,,,,,0.461666,0.573834,0.699160,0.795061,0.885236,0.977953,0.945763,0.796446,0.528074,0.231830,0.045554,0.069253,,,0.853095,1.212026,1.350712,1.463314,1.526553,,chords,JE407542-N,MLX,362-850-019,20260205,034232,362_850_019_6F9_INT_PC_JE407542-N_05022026_034232_ARCHIVE
,,,,,,,0.457853,0.573060,0.703906,0.793105,0.880502,0.984771,0.912213,0.809489,0.514621,0.231338,0.058827,0.067537,,,0.853652,1.211549,1.341871,1.463338,1.525576,,chords,JE407542-N,MLX,362-850-019,20260205,034232,362_850_019_6F9_INT_PC_JE407542-N_05022026_034232_ARCHIVE
,,,,,,,,0.567880,0.698345,0.794750,0.866833,0.961236,0.888445,0.797093,0.514571,0.240024,0.048788,0.075172,,,0.854454,1.211652,1.348436,1.464570,,,chords,JE407542-N,MLX,362-850-019,20260205,034232,362_850_019_6F9_INT_PC_JE407542-N_05022026_034232_ARCHIVE
,,,,,,,,0.570304,0.702112,0.802503,0.867660,0.949034,0.903307,0.788063,0.526372,0.235438,0.036958,0.079033,,,0.845157,1.211759,1.353546,1.462691,,,chords,JE407542-N,MLX,362-850-019,20260205,034232,362_850_019_6F9_INT_PC_JE407542-N_05022026_034232_ARCHIVE
,,,,,,,,,0.695091,0.800248,0.865778,0.945488,0.909541,0.767521,0.546759,0.226209,0.044948,0.069765,,,0.853148,1.211865,1.346250,1.463316,,,chords,JE407542-N,MLX,362-850-019,20260205,034232,362_850_019_6F9_INT_PC_JE407542-N_05022026_034232_ARCHIVE
,,,,,,,,,0.697288,0.800562,0.884203,0.972097,0.916193,0.792623,0.524989,0.233910,0.052052,,,,0.854058,1.211517,1.346292,1.463606,,,chords,JE407542-N,MLX,362-850-019,20260205,034232,362_850_019_6F9_INT_PC_JE407542-N_05022026_034232_ARCHIVE
,,,,,,,,,,0.802602,0.879478,0.978635,0.913851,0.805451,0.505716,0.228382,0.052551,,,,0.852791,1.211695,1.350112,1.463737,,,chords,JE407542-N,MLX,362-850-019,20260205,034232,362_850_019_6F9_INT_PC_JE407542-N_05022026_034232_ARCHIVE
,,,,,,,,,,0.800252,0.863051,0.958830,0.903315,0.793369,0.519854,0.224039,0.036015,,,,0.845774,1.211868,1.353264,1.463128,,,chords,JE407542-N,MLX,362-850-019,20260205,034232,362_850_019_6F9_INT_PC_JE407542-N_05022026_034232_ARCHIVE
,,,,,,,,,,,0.861336,0.939990,0.890196,0.785309,0.533167,0.239340,0.046498,,,,0.853203,1.211693,1.342038,1.463017,,,chords,JE407542-N,MLX,362-850-019,20260205,034232,362_850_019_6F9_INT_PC_JE407542-N_05022026_034232_ARCHIVE
,,,,,,,,,,,0.861069,0.952765,0.891998,0.766984,0.534345,0.232231,0.048496,,,,0.854522,1.211612,1.348526,,,,chords,JE407542-N,MLX,362-850-019,20260205,034232,362_850_019_6F9_INT_PC_JE407542-N_05022026_034232_ARCHIVE
,,,,,,,,,,,0.878583,0.965973,0.932410,0.790708,0.525294,0.223158,0.055212,,,,0.851246,1.211701,1.354232,,,,chords,JE407542-N,MLX,362-850-019,20260205,034232,362_850_019_6F9_INT_PC_JE407542-N_05022026_034232_ARCHIVE
,,,,,,,,,,,,0.978767,0.912803,0.801429,0.519316,0.221703,0.037280,,,,0.848032,1.211960,1.348000,,,,chords,JE407542-N,MLX,362-850-019,20260205,034232,362_850_019_6F9_INT_PC_JE407542-N_05022026_034232_ARCHIVE
,,,,,,,,,,,,0.950597,0.876049,0.787895,0.515130,0.248347,0.045297,,,,0.853147,1.211515,1.347373,,,,chords,JE407542-N,MLX,362-850-019,20260205,034232,362_850_019_6F9_INT_PC_JE407542-N_05022026_034232_ARCHIVE
,,,,,,,,,,,,0.941595,0.892671,0.775223,0.533758,0.233758,,,,,,1.211661,1.348691,,,,chords,JE407542-N,MLX,362-850-019,20260205,034232,362_850_019_6F9_INT_PC_JE407542-N_05022026_034232_ARCHIVE
,,,,,,,,,,,,0.948671,0.903784,0.766222,0.535154,0.213855,,,,,,1.211742,,,,,chords,JE407542-N,MLX,362-850-019,20260205,034232,362_850_019_6F9_INT_PC_JE407542-N_05022026_034232_ARCHIVE
,,,,,,,,,,,,,0.925144,0.789351,0.515522,0.223833,,,,,,1.211848,,,,,chords,JE407542-N,MLX,362-850-019,20260205,034232,362_850_019_6F9_INT_PC_JE407542-N_05022026_034232_ARCHIVE
,,,,,,,,,,,,,0.913180,0.797138,0.517102,0.235179,,,,,,1.211560,,,,,chords,JE407542-N,MLX,362-850-019,20260205,034232,362_850_019_6F9_INT_PC_JE407542-N_05022026_034232_ARCHIVE
,,,,,,,,,,,,,0.893803,0.786675,0.520812,0.240657,,,,,,,,,,,chords,JE407542-N,MLX,362-850-019,20260205,034232,362_850_019_6F9_INT_PC_JE407542-N_05022026_034232_ARCHIVE
,,,,,,,,,,,,,0.894616,0.779715,0.527683,,,,,,,,,,,,chords,JE407542-N,MLX,362-850-019,20260205,034232,362_850_019_6F9_INT_PC_JE407542-N_05022026_034232_ARCHIVE
,,,,,,,,,,,,,,0.765589,0.531438,,,,,,,,,,,,chords,JE407542-N,MLX,362-850-019,20260205,034232,362_850_019_6F9_INT_PC_JE407542-N_05022026_034232_ARCHIVE
,,,,,,,,,,,,,,0.787641,0.519591,,,,,,,,,,,,chords,JE407542-N,MLX,362-850-019,20260205,034232,362_850_019_6F9_INT_PC_JE407542-N_05022026_034232_ARCHIVE
,,,,,,,,,,,,,,0.795348,0.511381,,,,,,,,,,,,chords,JE407542-N,MLX,362-850-019,20260205,034232,362_850_019_6F9_INT_PC_JE407542-N_05022026_034232_ARCHIVE
,,,,,,,,,,,,,,,0.520368,,,,,,,,,,,,chords,JE407542-N,MLX,362-850-019,20260205,034232,362_850_019_6F9_INT_PC_JE407542-N_05022026_034232_ARCHIVE
